"PlotID","EnteredBy","EnteredDate","SurveyDate","Camera","PhotoNum","Lat","Long","Aspect","ParentMaterial","SlopeDeg","SlopePos","SlopeShape","FireSev","Notetaker","LgRocks","Litter","WoodyDebris","BasalVeg","Forbs","ForbHt","Grasses","GrassHt","Shrubs","ShrubHt","LiveOverstory","LiveUnderstory","FuelN1","FuelN10","FuelN100","FuelNLitter1","FuelNLitter2","FuelNDuff1","FuelNDuff2","FuelS1","FuelS10","FuelS100","FuelSLitter1","FuelSLitter2","FuelSDuff1","FuelSDuff2","FuelE1","FuelE10","FuelE100","FuelELitter1..45","FuelELitter1..46","FuelEDuff1","FuelEDuff2","FuelW1","FuelW10","FuelW100","FuelWLitter1","FuelWLitter2","FuelWDuff1","FuelWDuff2","SeedWallConifer","SeedWallHardwood","QuchNE","QuchSE","QuchSW","QuchNW","QukeNE","QukeSE","QukeSW","QukeNW","Representative","Planted","PlArrangement","Logged","Released","Notes","DronePlotRadius"
"A4013C","CM","7/23/18","7/19/18","A","150609","40.24183","120.84389","254","GRANITE","28.3","M","STR","5","KD","0","90","10","0.5","20","30","10","45","50","110","0","0","3","5","3","0.5","0","7","0.5","3","2","13","0.5","0","0","0.5",NA,NA,NA,NA,NA,NA,NA,NA,NA,NA,NA,NA,NA,NA,NA,NA,NA,NA,NA,NA,NA,NA,NA,NA,NA,"N",NA,"N",NA,"Ground cover throughout is rocky scree field",NA
"A4013T","CM","7/23/18","7/19/18","A","155316","40.24163","120.84489","271","GRANITE","24.0","M","STR","5","AG","0","90","10","0.5","0.5",NA,"0",NA,"95","140","0","0","15","3","4","3","3","5","2","12","0","4","1.5","2","2","5",NA,NA,NA,NA,NA,NA,NA,NA,NA,NA,NA,NA,NA,NA,NA,NA,NA,NA,NA,NA,NA,NA,NA,NA,"Y","N",NA,"N",NA,NA,NA
"A4014C","CM","7/23/18","7/18/18","A","145844","40.24004","120.83483","90","IGNEOUS 1","26.4","M","STR","5","CM","0.5","100","0.5","0.5","0.5",NA,"0",NA,"100","150","0","0","2","2","1","2","1","0","1","4","5","4","0.5","0.5","0","0",NA,NA,NA,NA,NA,NA,NA,NA,NA,NA,NA,NA,NA,NA,"109",NA,NA,NA,NA,NA,NA,NA,NA,NA,"Y","N",NA,"N",NA,NA,NA
"A4014T","CM","7/23/18","7/18/18","A","155920","40.23923","120.83478","120","IGNEOUS 1","22.8","M","STR","5","NB","0.5","95","5","0.5","0",NA,"0",NA,"100","150","0","0","2","3","4","3","0","1","0.5","1","7","1","3","0.5","2","3",NA,NA,NA,NA,NA,NA,NA,NA,NA,NA,NA,NA,NA,NA,"170",NA,NA,NA,NA,NA,NA,NA,NA,NA,"Y","N",NA,"N",NA,NA,NA
"A4017C","CM","9/6/18","8/23/18","A","104100","40.25246","120.82527","219","UNKNOWN","30.6","L","STR","5","KD","0","100","0.5","0.5","0.5",NA,"0.5",NA,"95","160","0","0.5","16","2","1","0","0.5","0","2","12","5","8","1","4","0","4",NA,NA,NA,NA,NA,NA,NA,NA,NA,NA,NA,NA,NA,NA,"61.0",NA,NA,NA,NA,NA,NA,NA,NA,NA,"Y","N",NA,"L",NA,"Parent material--both granite and metasedimentary fragments but overall unclear; rocky soil w/ heavy shrub litter; prefire harvest, large diameter",NA
"A4017T","CM","9/6/18","8/23/18","A","095229","40.25161","120.82485","295","GRANITE","20.5","L","STR","5","CM","0.5","95","5","0.5","0.5",NA,"10","75","90","110","0","0","7","6","2","1","0.5","0.5","0","7","3","1","2","2","0.5","2",NA,NA,NA,NA,NA,NA,NA,NA,NA,NA,NA,NA,NA,NA,"60",NA,NA,NA,NA,NA,NA,NA,NA,NA,"N","N",NA,"N",NA,"Moved due to riparian area, but plot still contains messic veg.; possibly planted >25cm CADE just outside plot",NA
"A4022C","CM","7/23/18","7/18/18","A","110236","40.25852","120.81793","92","GRANITE","23","M","STR","5","KD","0","90","10","0.5","0.5",NA,"0.5",NA,"95","130","0","0.5","9","9","2","5","7","0","0","30","14","5","4","4","1","1",NA,NA,NA,NA,NA,NA,NA,NA,NA,NA,NA,NA,NA,NA,"39.7",NA,NA,NA,NA,NA,NA,NA,NA,NA,"Y","N",NA,"N",NA,NA,NA
"A4025C","CM","9/6/18","8/22/18","A","100359","40.25542","120.81739","79","UNKNOWN","21.9","M","STR","5","NB","0","95","5","0.5","20","45","20","39","50","45","0","0","7","2","0","0.5","1","0","2","7","4","12","1","0.5","0.5","0",NA,NA,NA,NA,NA,NA,NA,NA,NA,NA,NA,NA,NA,NA,"54",NA,NA,NA,NA,NA,NA,NA,NA,NA,"Y","N",NA,"N",NA,"No parent material visible; surrounding landscape contains large grassy patches between shrub cover (including plot)",NA
"A4025T","CM","9/6/18","8/22/18","A","103647","40.25624","120.81748","99","UNKNOWN","20.5","M","STR","5","AG","0","90","10","0.5","0.5",NA,"0.5",NA,"95","170","0","0.5","6","0","0","5","7","0.5","0","15","4","2","1","1","7","0",NA,NA,NA,NA,NA,NA,NA,NA,NA,NA,NA,NA,NA,NA,"82",NA,NA,NA,NA,NA,NA,NA,NA,NA,"Y","N",NA,"N",NA,"No parent material visible",NA
"A4057C","CM","9/6/18","8/21/18","A","160415","40.27583","120.78580","244","METASEDIMENTARY","21.2","M","STR","4","KD","0","100","0.5","0.5","0.5",NA,"10","60","40","48","5","0","14","6","1","0.5","0","0","0","7","1","0","1","2","0.5","0",NA,NA,NA,NA,NA,NA,NA,NA,NA,NA,NA,NA,NA,NA,"355.0",NA,NA,NA,NA,NA,NA,NA,NA,NA,"Y","N",NA,"N",NA,"Old road overgrown, borders plot on the W side; patchy fire severity--line of mature trees surrounded by snags; first live tree may be hybrid--ABMA/ABCO  (bacon bark, needles roll, snowflake)",NA
"A4057T","CM","9/6/18","8/21/18","A","151525","40.27473","120.78548","241","GRANITE","17.5","M","STR","5","CM","0","95","5","0.5","0.5",NA,"5","42","100","110","0","0","15","9","9","1","2","0","0.5","1","6","3","0.5","3","2","0.5",NA,NA,NA,NA,NA,NA,NA,NA,NA,NA,NA,NA,NA,NA,"117",NA,NA,NA,NA,NA,NA,NA,NA,NA,"Y","N",NA,"L",NA,"Pre-fire logging; old road in plot--totally overgrown; ~5m^2 SE quadrant contains mesic veg.",NA
"A4060C","CM","7/23/18","7/19/18","A","105036","40.23621","120.78340","332","GRANITE","24.3","M","STR","5","CM","0","100","0.5","0.5","0.5",NA,"5","20","80","65","0","0",NA,NA,NA,NA,NA,NA,NA,"4","1","0","0.5","1","5","0",NA,NA,NA,NA,NA,NA,NA,"4","1","0","0.5","0","0","0","31.2",NA,NA,NA,NA,NA,NA,"18.1",NA,NA,"Y","N",NA,"L",NA,"Hornet nest at end of N transect--fuels done on W instead; overgrown skid road through plot; large diameter pre-fire harvest in plot",NA
"A4060T","CM","7/23/18","7/19/18","A","093725","40.23528","120.78343","351","UNKNOWN","22.5","M","STR","5","NB","0","80","20","0.5","0.5",NA,"0.5",NA,"95","90","0","0.5","6","6","6","0.5","1","0","1","11","8","6","0.5","2","0","0.5",NA,NA,NA,NA,NA,NA,NA,NA,NA,NA,NA,NA,NA,NA,"76.8",NA,NA,NA,NA,NA,NA,NA,NA,NA,"Y","Y","U","L","N","Plot AKA A4061T on maps; large diameter salvage stumps scattered; planted seedlings in grid/C2 pattern about 30m away",NA
"B1003T","CM","8/13/18","7/12/18","A","092725","38.48384","120.30191","88","GRANITE","16.8","M","STR","5","CM","0","95","5","0.5","20","25","20","45","20","80","0","30","15","3","2","0.5","4","0","0.5","18","6","1","3","0.5","0","0",NA,NA,NA,NA,NA,NA,NA,NA,NA,NA,NA,NA,NA,NA,"102",NA,"SEETREEDATA","SEETREEDATA","SEETREEDATA","SEETREEDATA",NA,NA,NA,"12.92","Y","Y","U","N","U","Plot moved due to low fire severity (mature oak stand); 2 Cade seedlings <25 off transect",NA
"B1009T","CM","8/16/18","8/14/18","A","082102","38.48557","120.29221","289","UNKNOWN","17.8","M","STR","5","NB","0","90","10","0.5","0",NA,"10","28","95","300","0","20","29","4","1","1","3","3","0","21","4","5","3","0.5","0.5","4",NA,NA,NA,NA,NA,NA,NA,NA,NA,NA,NA,NA,NA,NA,"57",NA,"1.1","1.5","1.6","8.3",NA,"7.0",NA,"13","Y","N",NA,"L",NA,"Low salvage logging in and around plot;some distances estimated using tape due to density; dense shrub and HW, likely Quke's 20m away in NE and SW but impossible to see",NA
"B1014T","CM","8/16/18","8/14/18","A","134508","38.48611","120.29137","353","GRANITE","28.9","M","STR","5","AG","0","95","5","0.5","10","60","0.5",NA,"100","350","0","0.5","105","7","8","0.5","1","0","0","83","1","2","0.5","0.5","6","0",NA,NA,NA,NA,NA,NA,NA,NA,NA,NA,NA,NA,NA,NA,"141",NA,"SEETREEDATA",NA,"SEETREEDATA","SEETREEDATA",NA,NA,NA,NA,"Y","N",NA,"H",NA,"Salvage high, but not total (large diameter salvage); Pipj seedling at edge outside plot ~ 5 bud scars; Psme ""; rodent nest in plot--runs partially through N transect; plot and surrounding area contains mesic vegetation including big leaf maple and forbs, no riparian visible; ferns in NE quadrants; visibility low",NA
"B1016C","CM","8/13/18","7/11/18","A","111837","38.49314","120.29056","338","GRANITE","20.5","M","STR","4","NB","0.5","90","10","0.5","0.5",NA,"60","45","80","310","20","5","5","6","3","2","4","1.5","3","19","9","3","4","0","0.5","3",NA,NA,NA,NA,NA,NA,NA,NA,NA,NA,NA,NA,NA,NA,"35.7",NA,"SEETREEDATA","SEETREEDATA","SEETREEDATA","SEETREEDATA",NA,"9",NA,NA,"N","N",NA,"N",NA,"Plot moved due to riparian influence, then planting unit; planting unit extends further E (into original PC) than map shows; riparian veg. ~15m E of PC; decomposing stump in N fuels transect; rodent nest (small twigs) on S fuel transect, not included in fuels count; distance estimates for some trees (all trees w/ no decimal places in distance, no trees w/ 2 decimal places, some w/ 1 decimal place)",NA
"B1018C","CM","8/13/18","7/11/18","A","084137","38.49778","120.28918","136","GRANITE","27.0","M","CAV","5","AG","0.5","80","20","0.5","0.5",NA,"0.5",NA,"80","200","0","30","12","14","2","0","1","0","0","5","3","0","0","20","0","2","8","3","2",NA,NA,NA,NA,"45","7","5",NA,NA,NA,NA,"178",NA,"5.2","5.2","SEETREEDATA","SEETREEDATA","15.1","11.5","SEETREEDATA","1.2","Y","N",NA,"N",NA,"Both fuel transects done due to slope; dry gully runs E-W through plot",NA
"B1018T","CM","8/13/18","7/11/18","A","101439","38.49809","120.28979","316","GRANITE","23.5","M","STR","5","CM","5","95","0.5","0.5","0.5",NA,"0.5",NA,"95","60","0","10","3","4","3","3","9","1.5","8","32","1","2","4","3","3","1",NA,NA,NA,NA,NA,NA,NA,NA,NA,NA,NA,NA,NA,NA,"232",NA,"SEETREEDATA","SEETREEDATA","SEETREEDATA","SEETREEDATA","12.7","11.52","26.7","16.6","Y","Y","C3","L","U","Recently dead Pipj seedlings look like part of planting unit; scattered salvage evidence; rodent nest",NA
"B1019C","CM","8/16/18","8/14/18","A","181347","38.49644","120.28854","132","GRANITE","29","M","STR","5","CM","0.5","95","5","0.5","0.5",NA,"5","33","90","260","0","20","2","2","3","2","3","0","0","2","3","2","0.5","0","0","0",NA,NA,NA,NA,NA,NA,NA,NA,NA,NA,NA,NA,NA,NA,"41.7","185","5.3","5.0","8.01","3.2","18.1",NA,NA,"19.8","Y","N",NA,"N",NA,"S transect passes over woodrat nest (not counted); plot moved due to riparian area/flowing stream",NA
"B1019T","CM","8/16/18","8/14/18","A","165314","38.49576","120.28923","99","GRANITE","27.3","M","STR","5","NB","0.5","90","10","0.5","0.5",NA,"0.5",NA,"40","180","0","40","24","3","8","1","0.5","1","0","20","16","10","2","0.5","1","0",NA,NA,NA,NA,NA,NA,NA,NA,NA,NA,NA,NA,NA,NA,"268",NA,"SEETREEDATA","2.0","2.8","5.0","11.3","22.7","22.0","20.3","Y","N",NA,"N",NA,NA,NA
"C1020C","CM","7/5/18","6/21/18","A","103527","39.20424","120.54501","230","GRANITE","18","U","CAV","5","AG","0","70","30","0.5","0.5","17","0.5","70","60","92","0","0.5","4","3","2","0","2","0","1","7","7","7","0","1","0","0.25",NA,NA,NA,NA,NA,NA,NA,NA,NA,NA,NA,NA,NA,NA,NA,NA,NA,NA,NA,NA,NA,NA,NA,NA,"Y","N",NA,"N","N","Ground cover primarily exposed rocky soil; PIPO 17cm tall, 4 bud scars, outside transect seedling",NA
"C1020T","CM","7/5/18","6/21/18","A","101159","39.20444","120.34401","156","GRANITE","14.2","U","STR","5","CM","0","95","5","0.5","0",NA,"0",NA,"70","100","0","5","6","5","3","1","1","0","1","0","3","3","0","2","1","0",NA,NA,NA,NA,NA,NA,NA,NA,NA,NA,NA,NA,NA,NA,NA,NA,NA,NA,NA,NA,NA,NA,NA,NA,"Y","Y","C","N","U","No seed wall for miles--nearest cluster on ridgeline several miles away; ground cover primarily exposed rocky soil",NA
"C1023C","CM","7/5/18","6/21/18","A","145233","39.20266","120.54308","36","METASEDIMENTARY","16.2","L","STR","5","NB","0.5","95","5","0.5","0.5",NA,"0",NA,"95",NA,"0","0.5","18","7","6","2","4","0","0","5","5","5","0","1","1","2",NA,NA,NA,NA,NA,NA,NA,NA,NA,NA,NA,NA,NA,NA,NA,NA,NA,NA,NA,NA,NA,NA,NA,NA,"Y","N",NA,"N",NA,"Riparian vegetation begins 25m from plot center; plot moved because on rocky outcropping",NA
"C1023T","CM","7/5/18","6/21/18","A","132438","39.20270","120.54204","285","METASEDIMENTARY","13.2","L","STR","5","DY","0.5","95","5","0.5","5","20","0",NA,"70","76","0","0.5","0","2","5","2","0.5","1","1","4","2","1","2","3","1","2",NA,NA,NA,NA,NA,NA,NA,NA,NA,NA,NA,NA,NA,NA,NA,NA,NA,NA,NA,NA,NA,NA,NA,NA,"N","Y","C3","N","Y","CADE regen 20cm tall outside plot; riparian area ~25m outside plot",NA
"C1026C","CM","7/5/18","6/21/18","A","172958","39.20158","120.54145","332","GRANITE","18.1","M","CAV","5","CM","0.5","70","30","0.5","0.5",NA,"0.5",NA,"60","133","0","0.5","7","5","4","3","1","2","0","13","12","2","2","1","0","0",NA,NA,NA,NA,NA,NA,NA,NA,NA,NA,NA,NA,NA,NA,NA,NA,NA,NA,NA,NA,NA,NA,NA,NA,"N","N",NA,"N",NA,"Plot moved to escape rocky outcrop",NA
"C1026T","CM","7/5/18","6/21/18","A","164224","39.20235","120.54047","289","GRANITE","8.1","M","VEX","5","KD","0.5","70","30","0.5","0.5",NA,"0",NA,"50","77","0","5","4","2","1","0","2","0","0","4","3","9","0.5","2","0.5","0",NA,NA,NA,NA,NA,NA,NA,NA,NA,NA,NA,NA,NA,NA,NA,NA,NA,NA,NA,NA,NA,NA,NA,NA,"Y","Y","G","N","U","Plot moved 30m to west because original plot uncharacteristically harsh",NA
"C1029C","CM","7/5/18","6/20/18","A","101428","39.19199","120.53109","66","GRANITE","12.5","M","STR","5","KD","0.5","90","10","0.5","0.5","15","0.5","40","80","86","0","0.5","9","18","14","2.5","0","1","0","3","3","1","1","0","0","0",NA,NA,NA,NA,NA,NA,NA,NA,NA,NA,NA,NA,NA,NA,"121",NA,NA,NA,NA,NA,NA,NA,NA,NA,"Y","N",NA,"N","N",NA,NA
"C1029T","CM","7/5/18","6/20/18","A","113303","39.19198","120.53207","37","GRANITE","11.2","M","VEX","5","CM","0.5","100","0.5","0.5","0.5","40","0.5","36","70","160","0","0.5","8","4","2","2","0","0","0","1","4","3","1","1","0","0",NA,NA,NA,NA,NA,NA,NA,NA,NA,NA,NA,NA,NA,NA,"195",NA,NA,NA,NA,NA,NA,NA,NA,NA,"Y","Y","C2","N","Y",NA,NA
"C1030C","CM","7/5/18","6/22/18","A","104546","39.19135","120.53145","156","GRANITE","20.2","M","VEX","5","CM","0","95","5","0.5","0.5",NA,"0",NA,"80","75","0.5","0.5","20","3","4","1","1","0","0","7","7","8","2","3","0","0",NA,NA,NA,NA,NA,NA,NA,NA,NA,NA,NA,NA,NA,NA,"380",NA,NA,NA,NA,NA,NA,NA,NA,NA,"N","N",NA,"N",NA,"Plot moved due to rock slide; <25cm Pila inside plot class B",NA
"C1030T","CM","7/5/18","6/22/18","A","092931","39.19047","120.53151","121","GRANITE","18.1","M","STR","4","KD","0.5","100","0.5","0.5","0.5",NA,"0.5",NA,"60","70","0.5","0.5","42","5","1","0.5","1","0","0","1","3","3","1","0","1","0.5",NA,NA,NA,NA,NA,NA,NA,NA,NA,NA,NA,NA,NA,NA,"217.6",NA,NA,NA,NA,NA,NA,NA,NA,NA,"N","Y","U","N","U","Rockslide to north--plot moved",NA
"C1031C","CM","7/5/18","6/20/18","A","172726","39.18999","120.53001","91","VOLCANIC","29","M","VEX","5","DY","0.5","100","0.5","0.5","5","64","0",NA,"95","80","0","0.5","2","0","9","0","0","0","0","0","4","3","1","0","0","0",NA,NA,NA,NA,NA,NA,NA,NA,NA,NA,NA,NA,NA,NA,"129.5",NA,NA,NA,NA,NA,NA,NA,NA,NA,"Y","N",NA,"N","N",NA,NA
"C1031T","CM","7/5/18","6/22/18","A","082334","39.19010","120.53102","122","GRANITE","21.8","M","STR","5","AG","0.5","100","0.5","0.5","5","38","0.5",NA,"60",NA,"0","0.5","7","11","6","4","2","1","0","14","0","1","0.25","1","0","0",NA,NA,NA,NA,NA,NA,NA,NA,NA,NA,NA,NA,NA,NA,"98.8",NA,NA,NA,NA,NA,NA,NA,NA,NA,"Y","U",NA,"N",NA,"Plot moved due to low fire severity; notes on penstemon sp. on data sheet",NA
"C1032C","CM","7/5/18","6/20/18","A","140357","39.18951","120.52991","115","VOLCANIC","19","M","STR","5","AG","0.5","90","10","0.5","0.5","25","0.5","50","90","90","0","0","21","6","6","1","2","0","0","21","7","6","5.5","4","0","0",NA,NA,NA,NA,NA,NA,NA,NA,NA,NA,NA,NA,NA,NA,"133",NA,NA,NA,NA,NA,NA,NA,NA,NA,"Y","N",NA,"N",NA,"Parent material is ""volcanic sample 1""",NA
"C1032T","CM","7/5/18","6/20/18","A","155337","39.18901","120.53056","104","VOLCANIC","18","M","STR","5","NB","0.5","95","5","0.5","0.5","15","0",NA,"90","90","0","0.5","17","2","5","3","1","2","3","4","4","3","0","1","0","0",NA,NA,NA,NA,NA,NA,NA,NA,NA,NA,NA,NA,NA,NA,"97.5",NA,NA,NA,NA,NA,NA,NA,NA,NA,"Y","Y","C","N","Y","Parent material is ""volcanic sample 1""",NA
"C1040T","CM","7/5/18","6/19/18","A","175136","39.17918","120.51944","117","GRANITE","22","M","STR","5","KD","0.5","80","20","0.5","0.5","40","0",NA,"100",NA,"0","5","4","3","5","1","0","2","3","5","11","15","0","5","1","2",NA,NA,NA,NA,NA,NA,NA,NA,NA,NA,NA,NA,NA,NA,"36.7",NA,NA,NA,NA,NA,NA,NA,NA,NA,"Y","Y","G","N","Y","Took 30 paces twice because original plot did not show evidence of pre-fire trees",NA
"D1000C","CM","8/13/18","8/3/18","A","110833","35.50723","118.36691","162","METASEDIMENTARY","26.4","M","STR","5","AG","0","100","0.5","0.5","0.5",NA,"10","22","50","160","0","30","0","0","0","1","0.5","0.5","0.5","13","6","1","0","3","0","0.5",NA,NA,NA,NA,NA,NA,NA,NA,NA,NA,NA,NA,NA,NA,"314",NA,"SEETREEDATA","SEETREEDATA","SEETREEDATA","SEETREEDATA","SEETREEDATA","SEETREEDATA","SEETREEDATA",NA,"Y","N",NA,"N",NA,"Plot moved due to low fire severity",NA
"D1001C","CM","8/13/18","8/3/18","A","125123","35.50990","118.36398","0","METASEDIMENTARY","20.7","M","STR","5","KD","0.5","95","5","0.5","40","71","10","20","20","90","0","0","5","5","8","2","4","0.5","1","1","2","3","2","4","0","0",NA,NA,NA,NA,NA,NA,NA,NA,NA,NA,NA,NA,NA,NA,"128.0",NA,NA,NA,NA,NA,NA,NA,NA,NA,"Y","N",NA,"N",NA,NA,NA
"D1001T","CM","8/13/18","8/3/18","A","100137","35.50937","118.36526","241","METASEDIMENTARY","21.0","U","STR","5","NB","5","90","5","0.5","30","30","30","20","20","40","0","0.5","3","0","0","1","0.5","0","0.5","0","3","4","0.5","1","0","0",NA,NA,NA,NA,NA,NA,NA,NA,NA,NA,NA,NA,NA,NA,"169",NA,NA,NA,NA,NA,"SEETREEDATA","SEETREEDATA","20.6",NA,"Y","N",NA,"N",NA,"Awesome hike, follow ridge from Inspiration Pt, elderberries in August; seeded oaks possibly resprouting, most already have acorns",NA
"D1005C","CM","8/16/18","7/31/18","A","171022","35.47419","118.37582","247","METASEDIMENTARY","29.2","M","STR","5","AG","0.5","95","5","0.5","5","40","0.5",NA,"10","50","0","20","10","4","1","0.5","4","0","0.5","6","4","1","0","0","0","0",NA,NA,NA,NA,NA,NA,NA,NA,NA,NA,NA,NA,NA,NA,"98",NA,NA,NA,NA,NA,"SEETREEDATA","SEETREEDATA","SEETREEDATA","SEETREEDATA","Y","N",NA,"N",NA,"Plot moved once due to overlap w/ other plot",NA
"D1005T","CM","8/16/18","7/31/18","A","175817","35.47396","118.37422","244","METASEDIMENTARY","25.3","M","STR","5","CM","0","90","10","0.5","5","60","10","25","20","45","5","5","3","1","2","0.5","0","0","0","1","0","2","5","3","0.5","0",NA,NA,NA,NA,NA,NA,NA,NA,NA,NA,NA,NA,NA,NA,"15",NA,NA,NA,NA,NA,"SEETREEDATA","12",NA,"SEETREEDATA","Y","Y","G","N","U","Many A-class Pipj seedlings off transect inside plot",NA
"D1010C","CM","8/20/18","8/5/18","A","095608","35.48272","118.36726","225","METASEDIMENTARY","18.8","L","STR","5","KD","0","100","0.5","0.5","5","50","0.5",NA,"80","90","0","0.5","0","2","2","0.5","0","0","0","4","2","1","3","0.5","1","0",NA,NA,NA,NA,NA,NA,NA,NA,NA,NA,NA,NA,NA,NA,"51.3",NA,NA,NA,NA,NA,NA,NA,NA,NA,"Y","N",NA,"N",NA,NA,NA
"D1013C","CM","8/13/18","8/1/18","A","110642","35.45954","118.36761","14","METASEDIMENTARY","8.7","U","STR","5","KD","0","95","5","0.5","0.5",NA,"0.5",NA,"90","90","0","0","17","3","0","1","0","0.5","0","15","12","3","1","3","0","0",NA,NA,NA,NA,NA,NA,NA,NA,NA,NA,NA,NA,NA,NA,"26.1",NA,NA,NA,NA,NA,NA,NA,NA,NA,"Y","N",NA,"L",NA,"Large diameter salvage",NA
"D1013T","CM","8/16/18","8/1/18","A","090402","35.45869","118.36607","88","METASEDIMENTARY","22.8","M","STR","5","CM","0.5","95","5","0.5","0.5",NA,"0.5",NA,"95","34","0","0.5","1","3","6","5","2","0","0","8","1","0","0.5","0","0","0.5",NA,NA,NA,NA,NA,NA,NA,NA,NA,NA,NA,NA,NA,NA,"64",NA,NA,NA,NA,NA,NA,NA,NA,NA,"Y","N",NA,"N",NA,"Abma B-class seedling off transect inside plot",NA
"D1018C","CM","8/13/18","8/1/18","A","094036","35.45694","118.36481","105","METASEDIMENTARY","29.2","M","STR","5","AG","0.5","95","5","0.5","0.5",NA,"10","30","70","50","0","0.5","4","28","23","0.","0","5","0","0","3","3","0.5","3","0","3",NA,NA,NA,NA,NA,NA,NA,NA,NA,NA,NA,NA,NA,NA,"51.5",NA,NA,NA,NA,NA,"SEETREEDATA","SEETREEDATA","SEETREEDATA","21.4","Y","U",NA,"N",NA,"Possible planting evidence outside perimeter of plot (grid); plot moved due to rocky outcropping; whole hillside contains rocky soil",NA
"D1018T","CM","8/13/18","8/1/18","A","101937","35.45815","118.36440","53","METASEDIMENTARY","25.8","M","STR","5","NB","0.5","95","5","0.5","5","40","0.5",NA,"90","47","O",NA,"0","3","8","1","2","0","0.5","0","3","5","3","0.5","0.5","0",NA,NA,NA,NA,NA,NA,NA,NA,NA,NA,NA,NA,NA,NA,"51.6",NA,NA,NA,NA,NA,NA,"19.5",NA,NA,"Y","N",NA,"N",NA,"Plot moved due to rocky outcrop",NA
"A1041C","AG","7/5/2018","6/6/2018","A","145810","40.24451","120.75043","234",NA,"20","M","VEX","5","KD","0","90","10","0.5","20","11","70","28","0.5",NA,"0.5","0.5","2","3","1","3","1","1","0","6","3","0","2","1.","1","0.5",NA,NA,NA,NA,NA,NA,NA,NA,NA,NA,NA,NA,NA,NA,"41.3",NA,NA,NA,NA,NA,NA,NA,NA,NA,NA,"N",NA,"N","N","Average snagclass 2",NA
"A1041T","AG","7/5/2018","6/6/2018","A","121005","40.24487","120.75085","142",NA,"24","R","STR",NA,"NB","0","80","20","0.5","0.5","20","50","40","80",NA,"0","0.5","3","1","2","2","1.5","0","0","1","0","2","2","2.5","0.5","0",NA,NA,NA,NA,NA,NA,NA,NA,NA,NA,NA,NA,NA,NA,"90",NA,NA,NA,NA,NA,NA,NA,NA,NA,NA,"U",NA,"N","N","none",NA
"A1096C","AG","7/5/2018","6/6/2018","A","174333","40.22404","120.72292","277",NA,"14","M","STR","5","KD","0","80","20","0.5","0.5","20","0.5","15","90",NA,"0","0","5","10","1","9","2","2","2","4","1","1","4","2","1","3",NA,NA,NA,NA,NA,NA,NA,NA,NA,NA,NA,NA,NA,NA,"52",NA,NA,NA,NA,NA,NA,NA,NA,NA,NA,"N",NA,"N","N","Soil moist",NA
"A1096T","AG","7/5/2018","6/6/2018","A","170048","40.22400","120.72232","258",NA,"15","M","STR",NA,"KD","0.5","95","5","0.5","0.5","10","0.5","40","90",NA,"0","0","6","17","5","3","1","1","0","8","9","0","3","5","0","0.5",NA,NA,NA,NA,NA,NA,NA,NA,NA,NA,NA,NA,NA,NA,"104",NA,NA,NA,NA,NA,NA,NA,NA,NA,NA,"U",NA,"N","N","none",NA
"A1140T","AG","7/5/2018","6/5/2018","A","194945","40.15541","120.62724","102",NA,"32","M","VEX","4 OR 5","NB","40","40","20","0","0.5","50","0.5","20","90",NA,"0","0","0","0","0",NA,NA,NA,NA,"8","3","0","2","2","0","0",NA,NA,NA,NA,NA,NA,NA,NA,NA,NA,NA,NA,NA,NA,"88",NA,NA,NA,"14",NA,NA,NA,NA,NA,NA,"Y","G","N","N","Planting apparent ~75m south of the plot, no planting evidence in plot; no trees and no snags",NA
"A1147C","AG","7/5/2018","6/7/2018","A","142350","40.10215","120.62488","328",NA,"10","L","STR","5","AML","0.5","80","20","0.5","0.5","30","5","14","90",NA,"0.5","0.5","1","1","0","2","3","1","1","4","4","9","4","1","1","1",NA,NA,NA,NA,NA,NA,NA,NA,NA,NA,NA,NA,NA,NA,"42",NA,NA,NA,NA,NA,NA,NA,NA,NA,NA,"N",NA,"N","N","Moved plot 60m at 180 degrees. Original lot locatin burn severity was too low",NA
"A1147T","AG","7/5/2018","6/7/2018","A","105149","40.10269","120.62411",NA,NA,NA,"L","STR",NA,NA,"0","100","0.5","0.5","0.5","30","50","30","70",NA,"0","0.5","5","0","1","2","1","1","0","20","5","0","6","4","4","3",NA,NA,NA,NA,NA,NA,NA,NA,NA,NA,NA,NA,NA,NA,"74.3",NA,NA,NA,NA,NA,NA,NA,NA,NA,NA,"Y",NA,NA,NA,"Near (uphill from) a seed drainage. Willow on outer edges of plot",NA
"A1157C","AG","7/5/2018","6/8/2018","A","121742","40.10696","120.61319","40","GRANITE","12","U","CAV","5","NB","0.5","90","10","0.5","0.5","25","5","30","100",NA,"0.5","0.5","42","16","4","4","4","5","3","22","19","1","2","3","7","5",NA,NA,NA,NA,NA,NA,NA,NA,NA,NA,NA,NA,NA,NA,NA,NA,NA,NA,NA,NA,NA,NA,NA,NA,NA,"U",NA,"N","Y","none",NA
"A1157T","AG","7/5/2018","6/8/2018","A","105241","40.10712","120.61379","59",NA,"11","U","STR","4","DY","0.5","90","5","0.5","0.5","22","0.5","28","60",NA,"5","0.5","5","10","7","2","5","0","1","19","12","4","2","3.5","0.5","0.5",NA,NA,NA,NA,NA,NA,NA,NA,NA,NA,NA,NA,NA,NA,"42",NA,NA,NA,NA,NA,NA,NA,NA,NA,NA,"Y","G","N","Y","Caterpillar eating pines, picture # A 092019, A 091950",NA
"A4022T","AG","7/23/2018","7/18/18","A","120502","40.25768","120.81820","41","OTHER","22.4","M","STR","5","AG","0","90","10","0.5","5","100","0.5",NA,"100","154","0","0.5","4","1","7","6","12","2","0","10","6","9","3","0.5","0","0",NA,NA,NA,NA,NA,NA,NA,NA,NA,NA,NA,NA,NA,NA,"99",NA,NA,NA,NA,NA,NA,NA,NA,NA,"Y","U",NA,"N",NA,"Parent material unsure. No large rocks in area.",NA
"A4168C","AG","7/23/2018","7/17/18","A","161611","40.19584","120.72451","105","GRANITE","7.6","M","STR","5","CM","0.5","75","20","5","5","55","0.5",NA,"100","240","0","0.5","8","4","6","8","7","2","1","8","3","8","5","6","2","1",NA,NA,NA,NA,NA,NA,NA,NA,NA,NA,NA,NA,NA,NA,"204",NA,NA,NA,NA,NA,NA,NA,NA,NA,"Y","N",NA,"N",NA,"none",NA
"A4168T","AG","7/23/2018","7/17/18","A","173329","40.19661","120.72489","13","GRANITE","16.9","M","STR","5","NB, KD","0","80","20","0.5","0.5",NA,"0",NA,"95","150","0","0.5","6","7","13","6","4","0.5","2","16","1","1","4","7","0.5","1",NA,NA,NA,NA,NA,NA,NA,NA,NA,NA,NA,NA,NA,NA,"268",NA,NA,NA,NA,NA,NA,NA,NA,NA,"Y","U","U","N","N","Most seedlings have been browsed extensively",NA
"A4172C","AG","7/23/2018","7/17/18","A","131311","40.19762","120.68471","120","GRANITE","5.7","R","STR","5","CM","5","90","5","0.5","0.5",NA,"30","35","40","60","0","0.5","5","0","3","2","0","0","0","6","3","3","0","0.5","0.5","1",NA,NA,NA,NA,NA,NA,NA,NA,NA,NA,NA,NA,NA,NA,"50.2",NA,NA,NA,NA,NA,NA,NA,NA,NA,"Y","N",NA,"N",NA,"PIPJ seedling (ht. A) outside transect, in plot",NA
"A4172T","AG","7/23/2018","7/17/18","A","123826","40.19769","120.68365","111","GRANITE","15.5","U","STR","5","KD","0","80","20","0.5","0.5",NA,"0.5",NA,"95","130","0","0.5","0","7","11","4","3","0.5","0","16","2","5","0.5","1","0","0",NA,NA,NA,NA,NA,NA,NA,NA,NA,NA,NA,NA,NA,NA,"97",NA,NA,NA,NA,NA,NA,NA,NA,NA,"Y","N",NA,"N",NA,"3 B class PIPJs out of transect, in plot. 3 A class PIPJs out of transect, in plot",NA
"A4176C","AG","7/23/2018","7/17/18","A","101303","40.17933","120.67249","350","OTHER","5.8","R","STR","5","AG","0.5","100","0.5","0.5","0.5",NA,"30","35","40","40","0","0.5","3","1","1","0","0","0","0","1","0","0","0","2","0","0",NA,NA,NA,NA,NA,NA,NA,NA,NA,NA,NA,NA,NA,NA,"128",NA,NA,NA,NA,NA,NA,NA,NA,NA,"Y","N",NA,"N",NA,"Rocky exposed mineral soil. Seed source: ABCO and ABMA in area. Parent material: igneous, not granite",NA
"A4176T","AG","7/23/2018","7/17/18","A","093124","40.17965","120.67356","283","OTHER","19.3","U","STR","5","NB","0.5","95","5","0.5","0.5",NA,"5","35","50","60","0","0.5","8","1","0","0.25","0","0","0","1","6","5","4","0.25","0","0",NA,NA,NA,NA,NA,NA,NA,NA,NA,NA,NA,NA,NA,NA,"132",NA,NA,NA,NA,NA,NA,NA,NA,NA,"Y","N",NA,"N",NA,"A class CADE seedling in plot, out of transect. PILA sapling nearby, 10 bud scars, appears planted. No other planting evidence closer than ~150m. Mostly rocky exposed mineral soil. Plot moved due to rockslide area. Parent material: igneous, not granite, photo 093520. Seed source: ABCO and ABMA in area",NA
"A4177T","AG","7/23/2018","7/22/18","A","163325","40.15721","120.65341","234","GRANITE","15.5","M","STR","5","AG","0.5","95","5","0.5","0.5",NA,"10","30","70","90","0","0.5","0","1","3","1","0.5","0","0","3","10","1","0.5","2","0.5","1",NA,NA,NA,NA,NA,NA,NA,NA,NA,NA,NA,NA,NA,NA,"64",NA,NA,NA,NA,NA,NA,NA,NA,NA,"Y","N",NA,"L",NA,"Prefire harvest, large diameter stumps. Two A class pine seedlings in plot",NA
"B1009C","AG","8/16/2018","8/14/18","A","095517","38.48572","120.29284","316","GRANITE","25.6","M","STR","5","KD","0.5","90","10","0.5","0",NA,"5","45","95","280","0","20","17","10","3","1","1","0","3","39","10","5","0.5","0.5","0","1",NA,NA,NA,NA,NA,NA,NA,NA,NA,NA,NA,NA,NA,NA,"153.0",NA,"4.2","6.1","7.0","2.0","see tree data",NA,NA,"see tree data","Y","N",NA,"N",NA,"Some transect estimates due to shrub cover. Wood rat nest in plot, not on transect",NA
"B1014C","AG","8/16/2018","8/14/18","A","113645","38.48636","120.29218","278","GRANITE","34.1","M","STR","5","CM","0","80","20","0.5","0.5",NA,"5","25","95","250","0","10","37","12","8","1","1","0","0","36","10","11","4","3","0","1",NA,NA,NA,NA,NA,NA,NA,NA,NA,NA,NA,NA,NA,NA,"67",NA,"see tree data","see tree data","see tree data","see tree data",NA,NA,"21.3",NA,"Y","N",NA,"N",NA,"Rodent nest in plot. Size A pine seedling & CADE in plot off transect",NA
"B1015C","AG","7/23/2018","7/11/18","A","120050","38.49689","120.29016","120","GRANITE","31.8","M","STR","5","KD","30","65","5","0.5","0",NA,"0.5",NA,"70","300","0","30","10","5","6","18","7","0","2","46","2","2","10","2","5","0",NA,NA,NA,NA,NA,NA,NA,NA,NA,NA,NA,NA,NA,NA,"299",NA,"see tree data","see tree data","see tree data","see tree data","12.5","see tree data","13.5","see tree data","N","N",NA,"N",NA,"Yellow jacket nest at plot center. Boulder takes up ~20% of plot, not a rocky outcropping.  Some tree distances estimated (all the trees w/ no decimal place, no trees with 2 dec. places, some trees with 1 dec. place)",NA
"B1015T","AG","8/13/2018","7/11/18","A","143335","38.49679","120.29091","120","GRANITE","18.8","M","STR","5","NB","0.5","90","10","0.5","0.5",NA,"0.5",NA,"80","50","0","20","16","0","2","4","2","1","3","2","1","5","0","6","0","4",NA,NA,NA,NA,NA,NA,NA,NA,NA,NA,NA,NA,NA,NA,NA,NA,"see tree data","see tree data","see tree data","see tree data","14.0","see tree data","see tree data","14.5","N","Y","C3","N","U","PC 14m from road. Veg within plot not influenced by road/bank. Roadside hazard ree removal.",NA
"C2001C","AG","7/5/2018","7/2/2018","A","120408","39.23325","120.64161","220","METASEDIMENTARY","15.9","L","STR","4","KD","0.5","90","10","0.5","0",NA,"0.5",NA,"60","100","10","10","5","8","0","1","3","1","2","38","4","6","3","3","0.5","0",NA,NA,NA,NA,NA,NA,NA,NA,NA,NA,NA,NA,NA,NA,"15.5",NA,NA,NA,NA,NA,NA,NA,NA,NA,"Y","N",NA,"N",NA,"Some seedlings (~ 5% of total) showing yellow/brown coloring. N-S & E-W transects used for >25 PSME, PIPJE, & <25 all trees, N-S transect was not representative due to clusters of regeneration",NA
"C2001T","AG","7/5/2018","7/2/2019","A","145331","39.23279","120.64243","104","METASEDIMENTARY","26.5","M","STR","5","NB","0","95","5","0.5","0",NA,"0.",NA,"60","100","0","5","2","2","2","1","0","0.5","0","3","4","3","2.5","4","0","0",NA,NA,NA,NA,NA,NA,NA,NA,NA,NA,NA,NA,NA,NA,"65.0",NA,NA,NA,NA,NA,NA,NA,NA,NA,"Y","Y","G","N","U","Rocky exposed mineral soil",NA
"C2006C","AG","7/5/2018","7/3/2018","A","082755","39.22884","120.57523","152","METASEDIMENTARY","14.8","U","CAV","4","AG","0","100","0.5","0.5","0",NA,"0.5",NA,"70","75","5","0.5","15","8","3","0.5","0","0","0","13","8","1","0","2","0","0",NA,NA,NA,NA,NA,NA,NA,NA,NA,NA,NA,NA,NA,NA,"29.1",NA,NA,NA,NA,NA,NA,NA,NA,NA,"Y","U",NA,"L",NA,"Rocky exposed mineral soil. Evidence of heavy pre-fire harvest, 30m south of pc",NA
"C2006T","AG","7/5/2018","7/3/2018","A","095633","39.22953","120.57418","43","METASEDIMENTARY","24.9","U","STR","5","CM","0","100","0.5","0.5","0",NA,"0.5",NA,"50","80","0","0.5","8","5","1","0","0","0","0","8","3","1","1.5","1.5","0.5","0",NA,NA,NA,NA,NA,NA,NA,NA,NA,NA,NA,NA,NA,NA,"73.0",NA,NA,NA,NA,NA,NA,NA,NA,NA,"Y","Y","G","N","N","Plot in transition btwn high & low severity.  Stunted, slow growth in pre-fire trees in plot & nearby; some trees <1m & >20yrs old. Planting evidence begins on northern side of plot. Rocky exposed mineral soil.",NA
"D1006C","AG","8/16/2018","7/31/18","A","160920","35.47376","118.37586","258","METASEDIMENTARY","33","M","STR","5","NB","0.5","100","0.5","0.5","0.5",NA,"0",NA,"10","50","0","30","2","3","0","0.5","4","0","0","8","5","3","4","0","0","0",NA,NA,NA,NA,NA,NA,NA,NA,NA,NA,NA,NA,NA,NA,"46",NA,NA,NA,NA,NA,"2.9","see tree data","3.1","25.2","Y","N",NA,"N",NA,"2 B-class PIPJ in plot. Metasedimentary",NA
"D1006T","AG","8/16/2018","7/31/18","A","145632","35.47308","118.37397","258","METASEDIMENTARY","24.2","M","STR","5","NB,KD","0.5","90","10","0.5","0.5",NA,"0",NA,"95","60","0","0.5","7","4","3","0","1","0","0","5","1","0","0.5","1","0","0",NA,NA,NA,NA,NA,NA,NA,NA,NA,NA,NA,NA,NA,NA,"78",NA,NA,NA,NA,NA,NA,NA,NA,NA,"Y","U","U","N","N","PIPJ B-class seedling out of trnasect in plot",NA
"D1008T","AG","8/16/2018","7/31/18","A","121748","35.47686","118.37249","344","METASEDIMENTARY","29.5","M","STR","5","CM","0.5","95","5","0.5","5","32","0",NA,"90","50","0","0.5","6","0","1","0","3","0","0","6","2","3","0.5","0.5","0","1",NA,NA,NA,NA,NA,NA,NA,NA,NA,NA,NA,NA,NA,NA,"50.4",NA,NA,NA,NA,NA,NA,NA,NA,NA,"Y","Y","C2","N","N","none",NA
"D1009T","AG","8/16/2018","7/31/18","A","112948","35.47862","118.37234","256","METASEDIMENTARY","26.6","M","STR","5","AG","0.5","95","5","0.5","5","50","10","30","50","50","0","0.5","1","7","4","0","0.5","0","0","10","6","5","3","0","0","0",NA,NA,NA,NA,NA,NA,NA,NA,NA,NA,NA,NA,NA,NA,"30",NA,NA,NA,NA,NA,NA,NA,NA,NA,"Y","Y","C2","N","N","PIPJ size class B in plot. Rocky exposed mineral soil",NA
"D1010T","AG","8/20/2018","8/5/18","A","092136","35.48333","118.36897","14","METASEDIMENTARY","22.8","M","STR","5","NB","0","95","5","0.5","0.5",NA,"5","60","80","80","5","0.5","16","2","7","0","0.5","0","0","9","4","11","2","1","2","1",NA,NA,NA,NA,NA,NA,NA,NA,NA,NA,NA,NA,NA,NA,"67",NA,NA,NA,NA,NA,NA,NA,NA,NA,"Y","U","U","N","N","B-class ABCO in plot. Plot moved due to low fire severity.",NA
"D1017C","AG","8/13/2018","8/4/18","A","125237","35.47105","118.36663","48","METASEDIMENTARY","13.9","U","STR","5","CM","0.5","95","5","0.5","0.5",NA,"0.5",NA,"80","75","0","0","2","0","1","3","0.5","0","0","3","2","0","0","0.5","0","0",NA,NA,NA,NA,NA,NA,NA,NA,NA,NA,NA,NA,NA,NA,"53",NA,NA,NA,NA,NA,NA,NA,NA,NA,"N","N",NA,"L",NA,"Moved due to rock outcrop (rocky outcrop still nearby). Salvage logging, some stumps in plot",NA
"D1017T","AG","8/13/2018","8/4/18","A","120106","35.47189","118.36507","38","METASEDIMENTARY","19.7","M","STR","5","AG","0.5","90","10","0.5","0.5",NA,"0",NA,"96","55","0","0.5","1","3","3","0","0.5","0","0","14","4","9","0.5","0.5","3","0.5",NA,NA,NA,NA,NA,NA,NA,NA,NA,NA,NA,NA,NA,NA,"37",NA,NA,NA,NA,NA,NA,NA,NA,NA,"N","Y","U","N","N","Plot moved due to fire severity",NA
"D1025C","AG","8/13/2018","8/3/18","A","164151","35.50111","118.36345","324","METASEDIMENTARY","16.3","U","STR","5","AG","0","90","10","0.5","0.5",NA,"20","43","80","63","0","0","3","7","15","0.5","1","5","5","9","5","2","4","2","0.5","0",NA,NA,NA,NA,NA,NA,NA,NA,NA,NA,NA,NA,NA,NA,"44",NA,NA,NA,NA,NA,NA,NA,NA,NA,"Y","N",NA,"N",NA,"plot moved due to rocky outcropping. Excavated mining soil pile on edge of plot",NA
"D1025T","AG","8/13/2018","8/3/18","A","155641","35.50245","118.36211","22","UNKNOWN","13.5","M","STR","5","NB","0","80","20","0.5","10","90","5","20","90","65","0","0.5","0","1","4","1","1","1","2","11","7","14","1","0.5","4","3",NA,NA,NA,NA,NA,NA,NA,NA,NA,NA,NA,NA,NA,NA,"98",NA,NA,NA,NA,NA,NA,NA,NA,NA,"Y","U","U","N","N","No parent material visible in plot. Planting evidnece ~50m from PC",NA
"D1097C","AG","8/13/2018","8/2/18","A","101954","35.47992","118.34731","219","GRANITE","19.8","M","STR","5","KD","0.5","100","0.5","0.5","5","15","70","25","20","65","5","0.5","15","4","3","2","0.5","0","0","3","0","0","2","0.5","0","0",NA,NA,NA,NA,NA,NA,NA,NA,NA,NA,NA,NA,NA,NA,"32.3","21.0",NA,NA,NA,NA,"12.0","see tree data","see tree data","see tree data","N","N",NA,"L",NA,"Salvage area extends into NW border of plot; plot moved due to high salvage & obvious planting. High salvage, but low plot",NA
"E0039I","AG","9/6/2018","8/27/18","A","142050","39.60708","120.18546","109","IGNEOUS","19.0","M","STR","5","NB","0.5","95","5","0.5","0.5",NA,"5","60","80","90","0","0.5","2","2","3","2","0.5","0.5","0","3","0","3","1","0.5","0","0",NA,NA,NA,NA,NA,NA,NA,NA,NA,NA,NA,NA,NA,NA,NA,NA,NA,NA,NA,NA,NA,NA,NA,NA,"Y","U","U","L","N","PIPJ, likely planted, just outside plot. PIPJ A-class seedlings just outside plot",NA
"E0043I","AG","9/6/2018","8/28/18","A","112523","39.60437","120.18374","47","IGNEOUS","9.0","R","STR","5","AG","0.5","90","10","0.5","20","55","10","60","80","35","0","0","4","1","0","0","0.5","0","0","12","0","2","0.5","0.5","2","0",NA,NA,NA,NA,NA,NA,NA,NA,NA,NA,NA,NA,NA,NA,NA,NA,NA,NA,NA,NA,NA,NA,NA,NA,"Y","U","U","N","U","Some planting near plot, but none in plot",NA
"E0045I","AG","9/13/2018","8/28/18","A","155914","39.60706","120.18373","344","IGNEOUS","20.7","L","STR","5","AG","0.5","90","10","0.5","0.5",NA,"0.5",NA,"100","130","0","20","0","3","0","0.5","0","0","0","6","1","0","0","3","0","11",NA,NA,NA,NA,NA,NA,NA,NA,NA,NA,NA,NA,NA,NA,NA,NA,NA,NA,NA,NA,NA,NA,NA,NA,"Y","Y","U","U","U",NA,NA
"E0046I","AG","9/6/2018","8/27/18","A","133640","39.60842","120.18372","120","IGNEOUS","21.3","M","STR","5","CM","0.5","95","5","0.5","0.5",NA,"30","60","50","70","0","0.5","2","0","3","1.5","2","1.5","0.5","2","0","3","0.5","0.5","0","0",NA,NA,NA,NA,NA,NA,NA,NA,NA,NA,NA,NA,NA,NA,NA,NA,NA,NA,NA,NA,NA,NA,NA,NA,"Y","U","U","N","N","Exposed rocky soil w/ sparse grass",NA
"E0049I","AG","9/6/2018","8/28/18","A","101834","39.60571","120.18196","78","IGNEOUS","24.5","M","STR","5","CM","10","90","0.5","0.5","0.5",NA,"5","52","60","75","0","0","0","0","1","0","0.5","0","0","0","0","0","0","0","0","0",NA,NA,NA,NA,NA,NA,NA,NA,NA,NA,NA,NA,NA,NA,NA,NA,NA,NA,NA,NA,NA,NA,NA,NA,"Y","U",NA,"N",NA,"Rocky but doesn't seem like rocky outcropping (half of plot)",NA
"E0050I","AG","9/13/2018","8/28/18","Derek's phone","1558583","39.60708","120.18196","215","IGNEOUS","23","M","STR","5","NB","0","99","0.5","0.5","0.5",NA,"0.5",NA,"90","105","0","10","2","0","0","2","3","0","2","6","0","1","5","2","4","3",NA,NA,NA,NA,NA,NA,NA,NA,NA,NA,NA,NA,NA,NA,NA,NA,NA,NA,NA,NA,NA,NA,NA,NA,"Y","Y","U","L","U","Older release apparent on hillside. Heli salvage","4.4"
"E0051I","AG","9/6/2018","8/27/18","A","125646","39.60839","120.18194","109","IGNEOUS","20.6","M","CAV","5","KD","0.5","95","5","0.5","0.5",NA,"20","21","80","90","0","5","5","7","0","2","0","0.5","0","1","2","4","5","2","3","0.5",NA,NA,NA,NA,NA,NA,NA,NA,NA,NA,NA,NA,NA,NA,NA,NA,NA,NA,NA,NA,NA,NA,NA,NA,"Y","Y","G","L","U","Ravine runs through plot, no riparian veg. or evidnce of long term water. Rocky soil. Large diameter salvage across hill, not near ravine",NA
"E00521","AG","9/6/2018","8/28/18","A","095517","39.60574","120.18023","119","IGNEOUS","17.2","U","STR","5","AG","0.5","100","0.5","0.5","20","46","90","54","5","55","0","0.5","4","6","2","0.5","0","0","0","2","0","0","0.5","0","0","0",NA,NA,NA,NA,NA,NA,NA,NA,NA,NA,NA,NA,NA,NA,NA,NA,NA,NA,NA,NA,NA,NA,NA,NA,"Y","Y","U","L","U","Two stumps in plot. Forbs and grass are all dead",NA
"E0053I","AG","9/13/2018","8/28/18","DY'S phone","11834","39.60707","120.18021","36","IGNEOUS","15.7","M","STR","5","KW","0.5","99","0.5","0.5","0.5",NA,"0.5",NA,"90","80","0","10","16","4","0","4","5","2","2","11","0","2","3","4","1","1",NA,NA,NA,NA,NA,NA,NA,NA,NA,NA,NA,NA,NA,NA,NA,NA,NA,NA,NA,NA,NA,NA,NA,NA,"Y","Y","U","L","N",NA,NA
"E00551","AG","9/13/2018","8/30/18","A","084354","39.61319","120.17381","190","IGNEOUS","15.5","M","STR","5","AG","0.5","100","0.5","0.5","0.5",NA,"40","60","40","110","0","0.5","0","0","0","0","1","0","0","2","0","0","3","1.5","0.5","0",NA,NA,NA,NA,NA,NA,NA,NA,NA,NA,NA,NA,NA,NA,"380",NA,NA,NA,NA,NA,NA,NA,NA,NA,"Y","Y","U","N","U",NA,NA
"E0060I","AG","9/13/2018","8/30/18","Alexis' phone","0923","39.61322","120.17204","294","IGNEOUS","12.8","L","STR","5","KD, AG","0.5","95","5","0.5","0.5",NA,"0.5",NA,"80","88","0","10","4","0","0","0.5","1","0","6","1","6","6","1","0.5","1","0",NA,NA,NA,NA,NA,NA,NA,NA,NA,NA,NA,NA,NA,NA,NA,NA,NA,NA,NA,NA,NA,NA,NA,NA,"Y","U","U","N","N","Dry ravine borders plot @ N","8.3"
"E0061I","AG","9/13/2018","8/30/18","A","090503","39.61459","120.17209","176","IGNEOUS","11.1","M","STR","5","CM","0.5","100","0.5","0.5","0.5",NA,"0.5",NA,"50","85","0","0.5","2","0","0","0","0","0","0","0","0","0","1","0.5","0.5","0",NA,NA,NA,NA,NA,NA,NA,NA,NA,NA,NA,NA,NA,NA,NA,NA,NA,NA,NA,NA,NA,NA,NA,NA,"Y","Y","U","N","U","JUOC seedling 21.2 m from plot center (could have been plantd)",NA
"E0062I","AG","9/13/2018","9/4/18","A","143015","39.60784","120.17167","344","IGNEOUS","13.2","M","STR","5","NB","0.5","99","0.5","0.5","0.5",NA,"0.5",NA,"85","100","0","5","3","0","0","4","1","1","2","36","1","0","9","0.5","0.5","0",NA,NA,NA,NA,NA,NA,NA,NA,NA,NA,NA,NA,NA,NA,NA,NA,NA,NA,NA,NA,NA,NA,NA,NA,"Y","U","G","L","N","Salvage, likely heli. Large cluster of natural regen on N edge of plot, possible planting throughout","8.3"
"E0063I","AG","9/13/2018","9/4/18","A","153024","39.60919","120.17168","229","IGNEOUS","21.6","M","STR","5","CM","0.5","100","0.5","0.5","0.5",NA,"5","50","60","60","0","0.5","0","0","0","1","0","0.5","0","3","0","0","0","0.5","0","0",NA,NA,NA,NA,NA,NA,NA,NA,NA,NA,NA,NA,NA,NA,NA,NA,NA,NA,NA,NA,NA,NA,NA,NA,"Y","Y","U","L","U","Salvage",NA
"E0064I","AG","9/13/2018","8/30/18","A","115243","39.61190","120.17028","297","IGNEOUS","20.9","M","STR","5","CM","0","100","0.5","0.5","0.5",NA,"0.5",NA,"90","90","0","5","2","3","2","1","0.5","1","1","3","2","0","0","0","0","0",NA,NA,NA,NA,NA,NA,NA,NA,NA,NA,NA,NA,NA,NA,NA,NA,NA,NA,NA,NA,NA,NA,NA,NA,"Y","U",NA,"N",NA,NA,"4.4"
"E0065I","AG","9/13/2018","8/30/18","A","111507","39.61324","120.17026","304","IGNEOUS","20.9","M","STR","5","AG","5","95","0.5","0.5","0",NA,"0.5",NA,"90","80","0","5","6","0","0","0","6","0.5","2","13","1","0","1","0","0","0",NA,NA,NA,NA,NA,NA,NA,NA,NA,NA,NA,NA,NA,NA,NA,NA,NA,NA,NA,NA,NA,NA,NA,NA,"Y","Y","U","N","U",NA,"8.3"
"E0066I","AG","9/13/2018","8/30/18","A","895006","39.61466","120.17030","237","IGNEOUS","17.7","U","STR","5","KD","0.5","100","0.5","0.5","5","50","0.5",NA,"60","65","0","20","0","0","1","4","5","1","0","11","1","0","0.5","3","0.5","2",NA,NA,NA,NA,NA,NA,NA,NA,NA,NA,NA,NA,NA,NA,NA,NA,NA,NA,NA,NA,NA,NA,NA,NA,"Y","Y","U","N","U","Subsample circle - radius 8.3 to capture at least 20 trees for the drone","8.3"
"E0068C","AG","9/13/2018","8/29/18","A","124031","39.59252","120.12662","270","IGNEOUS","24.3","M","STR","5","KD","0.5","100","0.5","0.5","10","50","0.5",NA,"60","85","0","0.5","5","3","0","1","3","0","1","0","0","0","0","0","0","0",NA,NA,NA,NA,NA,NA,NA,NA,NA,NA,NA,NA,NA,NA,"55.7",NA,NA,NA,NA,NA,NA,NA,NA,NA,"Y","Y","U","N","U",NA,NA
"E0068T","AG","9/13/2018","8/29/18","A","142443","39.59203","120.12867","243","IGNEOUS","19.2","M","STR","5","CM","0.5","90","10","0.5","0.5",NA,"5","50","95","80","0","0.5","0","0","0","2","0","1","0","2","0","0","1","0","2","0",NA,NA,NA,NA,NA,NA,NA,NA,NA,NA,NA,NA,NA,NA,"56",NA,NA,NA,NA,NA,NA,NA,NA,NA,"Y","Y","U","N","U","Pre and post fire harvest nearby plot",NA
"E0069C","AG","9/13/2018","8/29/18","A","130725","39.59287","120.12663","289","IGNEOUS","21.5","M","STR","5","NB","0.5","95","5","0.5","10","45","0.5",NA,"70","80","0","0","1","2","0","0.5","3","0","2","11","4","3","0.5","0.5","2","0",NA,NA,NA,NA,NA,NA,NA,NA,NA,NA,NA,NA,NA,NA,"79",NA,NA,NA,NA,NA,NA,NA,NA,NA,"Y","N",NA,"N",NA,"Size class A ABCO and class B PIPJ in plot, off transect.",NA
"E0069T","AG","9/13/2018","8/29/18","A","134858","39.59280","120.12836","265","UNKNOWN","14.3","M","STR","5","AG","0","95","5","0.5","0.5",NA,"0.5",NA,"100","84","0","0.5","16","0","0","3","1","2","2","5","0","1","2","3","0","0",NA,NA,NA,NA,NA,NA,NA,NA,NA,NA,NA,NA,NA,NA,"78",NA,NA,NA,NA,NA,NA,NA,NA,NA,"Y","Y","G","L","U","Pre and post fire harvest in plot",NA
"E0072C","AG","9/13/2018","9/6/18","A","095327","39.59942","120.12697","256","IGNEOUS","15.6","M","STR","5","NB","0.5","95","5","0.5","0",NA,"0.5","0.5","95","80","0","0.5","5","2","1","2","2","3","6","11","4","2","7","6","5","0.5",NA,NA,NA,NA,NA,NA,NA,NA,NA,NA,NA,NA,NA,NA,"278",NA,NA,NA,NA,NA,NA,NA,NA,NA,"Y","U","G","L","N","Salvage. Grid planting to N of plot, possibly stopping within plot.",NA
"E0072T","AG","9/13/2018","9/5/18","A","093930","39.60020","120.12762","232","IGNEOUS","16.5","M","STR","5","KD","0.5","100","0.5","0.5","0.5",NA,"0.5",NA,"80","75","0","0.5","5","1","0","0","5","0","3","0","3","0","0.5","0","0","0",NA,NA,NA,NA,NA,NA,NA,NA,NA,NA,NA,NA,NA,NA,"168",NA,NA,NA,NA,NA,NA,NA,NA,NA,"Y","Y","G","L","U","Vague grid. Large diameter salvage, possibly also prefire - salvage road - old possibily running through plot, skid salvage nearby as well",NA
"E0078C","AG","9/13/2018","9/6/18","A","105455","39.59909","120.12518","258","IGNEOUS","19.3","M","STR","5","CM","0.5","100","0.5","0.5","0",NA,"0.5",NA,"95","83","0","0","4","4","3","1","1","5","3","5","4","1","2","2","1","0.5",NA,NA,NA,NA,NA,NA,NA,NA,NA,NA,NA,NA,NA,NA,"255",NA,NA,NA,NA,NA,NA,NA,NA,NA,"Y","N",NA,"N","N","Moved 30m S bc Derek said so",NA
"E0078T","AG","9/13/2018","9/4/18","A","102551","39.60036","120.12525","248","IGNEOUS","20.6","M","STR","5","AG","0.5","95","5","0.5","0.5",NA,"0.5",NA,"80","80","0","0.5","6","0","0","0","8","0","0.5","5","6","4","0","1","0.5","0",NA,NA,NA,NA,NA,NA,NA,NA,NA,NA,NA,NA,NA,NA,"365",NA,NA,NA,NA,NA,NA,NA,NA,NA,"Y","Y","U","L","U","Low salvage loggin in plot, unclear if heli or road. CADE seedling just outside plot",NA
"E0087C","AG","9/13/2018","9/4/18","A","142102","39.59946","120.12312","264","IGNEOUS","18.1","M","STR","5","AG","0.5","95","5","0.5","0",NA,"0.5",NA,"100","60","0","0.5","11","2","5","1","1","3","1","2","4","5","0.5","0.5","0.5","0.5",NA,NA,NA,NA,NA,NA,NA,NA,NA,NA,NA,NA,NA,NA,NA,NA,NA,NA,NA,NA,NA,NA,NA,NA,"Y","N",NA,"N",NA,"Hail.",NA
"E0087T","AG","9/13/2018","9/4/18","A","112136","39.60045","120.12321","267","IGNEOUS","20.1","M","STR","5","NB","0.5","99","0.5","0.5","0.5",NA,"0.5",NA,"95","55","0","0.5","10","0","2","10","7","0.5","0.5","5","1","0","0","3","0","1",NA,NA,NA,NA,NA,NA,NA,NA,NA,NA,NA,NA,NA,NA,NA,NA,NA,NA,NA,NA,NA,NA,NA,NA,"Y","Y","G","L","U","Salvage, unsure if heli",NA
"E0090C","AG","9/13/2018","9/4/18","A","131341","39.60129","120.12188","118","IGNEOUS","16.4","M","STR","5","KD","0","100","05","0.5","0.5",NA,"0.5",NA,"100","82","0","0.5","9","3","3","3","2","2","4","0","0","1","2","2","2","0.5",NA,NA,NA,NA,NA,NA,NA,NA,NA,NA,NA,NA,NA,NA,"66.5",NA,NA,NA,NA,NA,NA,NA,NA,NA,"Y","U",NA,"N",NA,"Possible planting - no obvious PILA seed source",NA
"E0090T","AG","9/13/2018","9/4/18","A","115216","39.60123","120.12292","298","IGNEOUS","21.5","M","STR","5","CM","0.5","100","0.5","0.5","0.5",NA,"5","30","80","65","0","0.5","13","3","2","0","0.5","0","0","0","2","2","0.5","2","2","1",NA,NA,NA,NA,NA,NA,NA,NA,NA,NA,NA,NA,NA,NA,"117",NA,NA,NA,NA,NA,NA,NA,NA,NA,"Y","Y","G","L","U","Salvage",NA
"E2001I","AG","9/13/2018","9/6/18","A","132344","39.61107","120.17559","263","IGNEOUS","20.5","M","VEX","5","KD","0.5","100","0.5","0.5","0.5",NA,"10","50","70","50","0","0.5","1","0","0","2","5","0.5","0.5","0","0","0","1","1","0","0",NA,NA,NA,NA,NA,NA,NA,NA,NA,NA,NA,NA,NA,NA,"112.4",NA,NA,NA,NA,NA,NA,NA,NA,NA,"Y","U",NA,"N",NA,"Clusters of nat. regen. with some possibly planted in between",NA
"A1140C","KD","7/5/2018","6/25/2018","A","173913","40.15588","120.62751","25","GRANITE","35","M","STR","5","NB","10","80","10","0.5","0.5",NA,"0.5",NA,"95","150","0","0.5","3","1","2","6","4","2","1","0","2","6","4","10","3","5",NA,NA,NA,NA,NA,NA,NA,NA,NA,NA,NA,NA,NA,NA,"156.0",NA,NA,NA,NA,NA,NA,NA,NA,NA,"Y","N",NA,"N",NA,"CLUSTER OF 6 PIPJ 2YO SEEDLINGS AT PLOT EDGE (<25CM) CADE SEEDLINGS (<25CM) IN PLOT",NA
"A2025T","KD","7/5/2018","6/27/2018","A","120200","40.15946","120.68411","102","GRANITE","15","U","STR","5","CM","0","80","20","0.5","5.0",NA,"0.5",NA,"95","100","0","0.5","0","0","2","1","0.5","0","0","17","16","15","4","3","1","1.5",NA,NA,NA,NA,NA,NA,NA,NA,NA,NA,NA,NA,NA,NA,"51.1",NA,NA,NA,NA,NA,NA,NA,NA,NA,"Y","N",NA,"N",NA,"NO EVIDENCE OF PLANTING NEARBY",NA
"A2025C","KD","7/5/2018","6/27/2018","A","112101","40.15917","120.68507","285","GRANITE","4.7","M","STR","5","KD","0","95","5","0.5","0.5",NA,"5","40","95","95","0","0.5","6","0","3","3","2","1","1","0","6","0","2","2","1","2",NA,NA,NA,NA,NA,NA,NA,NA,NA,NA,NA,NA,NA,NA,"91.0",NA,NA,NA,NA,NA,NA,NA,NA,NA,"Y","N",NA,"N",NA,"THICK WOODY SLASH AND SHRUB",NA
"A2026T","KD","7/5/2018","6/27/2018","A","090329","40.16087","120.68022","348","GRANITE","22.5","M","STR","5","AG","0","95","5","0.5","0.5",NA,"0.5",NA,"95","88","0","0.5","13","0","2","3","3","1","0.5","25","6","0","2","2","0.5","0",NA,NA,NA,NA,NA,NA,NA,NA,NA,NA,NA,NA,NA,NA,"131.6",NA,NA,NA,NA,NA,NA,NA,NA,NA,"Y","Y","G","N",NA,NA,NA
"A2026C","KD","7/5/2018","6/27/2018","A","135855","40.16071","120.67915","66","GRANITE","18","M","STR","5","KW","0.5","100","0.5","0.5","0.5",NA,"5","34","70","94","0",NA,"2","5","1","1","2","0","0.5","1","4","0","5","4","0.5","0",NA,NA,NA,NA,NA,NA,NA,NA,NA,NA,NA,NA,NA,NA,"101.7",NA,NA,NA,NA,NA,NA,NA,NA,NA,"Y","N",NA,"N",NA,"PIPJ NATURAL REGEN RIGHT OUTSIDE OF PLOT. SOIL IS LOOSE SAND BIG CLEAR PATCH IN THE MIDDLE",NA
"A2029T","KD","7/5/2018","6/28/2018","A","100612","40.15768","120.61914","275","GRANITE","18.2","U","STR","5","NB","10","80","10","0.5","0.5",NA,"5","32","70","124","0","0.5","3","1","4","3","4","0.5","0.5","4","6","3","4","0","2","0",NA,NA,NA,NA,NA,NA,NA,NA,NA,NA,NA,NA,NA,NA,"24.8",NA,NA,NA,NA,NA,NA,NA,NA,NA,"Y","N",NA,"N",NA,"<25CM PIPJ WITHIN PLOT, OUTSIDE TRANSECT. PLANTING EVIDENCE ~50M FROM PC",NA
"A2029C","KD","7/5/2018","6/28/2018","A","093417","40.15832","120.61973","278","GRANITE","24.3","M","STR","5","CM","0.5","80","20","0.5","0.5",NA,"5","27","80","85","0","0.5","9","8","6","4.5","0.5","1.5","0","2","3","1","0.5","3","0","3",NA,NA,NA,NA,NA,NA,NA,NA,NA,NA,NA,NA,NA,NA,"78.5",NA,NA,NA,NA,NA,"24",NA,NA,NA,"Y","N",NA,"N",NA,NA,NA
"A2030C","KD","7/5/2018","6/28/2018","A","084736","40.15891","120.61847","314","GRANITE","16.2","M","CAV","5","KD","0","80","20","0.5","0.5",NA,"0.5",NA,"95","150","0","0","4","8","9","4","3","3","0.5","4","5","0","0.5","5","4","2",NA,NA,NA,NA,NA,NA,NA,NA,NA,NA,NA,NA,NA,NA,"123.0",NA,NA,NA,NA,NA,NA,NA,NA,NA,"Y","N",NA,"N",NA,NA,NA
"A2030T","KD","7/5/2018","6/27/2018","A","155445","40.15792","120.61835","281","GRANITE","12.4","U","STR","5","NB","5","95","0.5","0.5","0.5",NA,"5","45","60","75","0","5","7","1","1","1","4","0","1.5","5","3","3","2","4.5","0","2",NA,NA,NA,NA,NA,NA,NA,NA,NA,NA,NA,NA,NA,NA,"35",NA,NA,NA,NA,NA,NA,NA,NA,NA,"Y","Y","U","N","U","QUKE RESPROUT 27MM AWAY FROM PC, NE QUADRANT",NA
"A2031T","KD","7/5/2018","6/25/2018","A","174005","40.12978","120.62747","63","GRANITE","22","M","STR","5","AG","0","90","10","0.5","0.5",NA,"10","34","80","100","0","0.5","8","7","5","4","0","0","0","10","8","8","5.5","2.5","2.5","0",NA,NA,NA,NA,NA,NA,NA,NA,NA,NA,NA,NA,NA,NA,"37.8",NA,NA,NA,NA,NA,NA,NA,NA,NA,"Y","N",NA,"N",NA,"NO PLANTING EVIDENCE NEARBY.",NA
"A2031C","KD","7/5/2018","6/25/2018","A","181036","40.12907","120.62699","134","GRANITE","28.1","M","VEX","4","NB","5","80","20","0.5","0.5",NA,"10","20","60","100","5","0.5","0","6","2","2","6","1","3","2","5","2","3","6","0","0",NA,NA,NA,NA,NA,NA,NA,NA,NA,NA,NA,NA,NA,NA,"27.2",NA,NA,NA,NA,NA,NA,NA,NA,NA,"Y","N",NA,"N",NA,NA,NA
"A2035T","KD","7/5/2018","6/25/2018","A","160922","40.12249","120.62013","238","GRANITE","17.2","M","CAV","5","CM","5","85","10","0.5","0.5",NA,"40","32","60","150","0","0.5","4","1","6","1.5","2","3","0","4","1","2","2","3","3","2",NA,NA,NA,NA,NA,NA,NA,NA,NA,NA,NA,NA,NA,NA,"63",NA,NA,NA,NA,NA,NA,NA,NA,NA,"Y","N",NA,"N",NA,"NO EVIDENCE OF PLANTING NEARBY",NA
"A2035C","KD","7/5/2018","6/25/2018","A","150109","40.12243","120.61864","209","GRANITE","10.3","M","VEX","5","KD","0","95","5","0.5","0.5",NA,"10","34","70","45","0","0.5","5","3","0","1","0.5","0","1","10","25","5","1","3","1","1",NA,NA,NA,NA,NA,NA,NA,NA,NA,NA,NA,NA,NA,NA,"93",NA,NA,NA,NA,NA,NA,NA,NA,NA,"Y","N",NA,"N",NA,"2 SIZE CLASS B PIPOS NOT ON TRANSECT, NATURAL REGEN",NA
"A2039T","KD","7/5/2018","6/26/2018","A","101237","40.09804","120.60724","323","GRANITE","21.4","M","VEX","5","NB","10","90","0.5","0.5","0.5",NA,"0.5",NA,"90","135","0","0.5","2","0","0","2","1","1","2","3","15","2","2","2","0","0.5",NA,NA,NA,NA,NA,NA,NA,NA,NA,NA,NA,NA,NA,NA,"85",NA,NA,NA,NA,NA,NA,NA,NA,NA,"Y","U",NA,"N","U","PIPJ <15 SEEDLINGS IN PLOT X3. PLANTED TREES (GRID, PAIRS) 60M FROM PC AND SURROUNDING PLOT. POSSIBLY RELEASED.",NA
"A2039C","KD","7/5/2018","6/26/2018","A","112659","40.09926","120.60558","274","GRANITE","24.8","M","STR","5","KD","10","90","0.5","0","0.5",NA,"0.5",NA,"90","90","0","0","1","0","0","0","1","0","0","6","1","0","0","4","0","0",NA,NA,NA,NA,NA,NA,NA,NA,NA,NA,NA,NA,NA,NA,"47.0",NA,NA,NA,NA,NA,NA,NA,NA,NA,"Y","U",NA,"N",NA,"PLOT MOVED 3X DUE TO RIPARIAN ZONE, THEN FIRE SEVERITY. ~5 FALLEN PRE-FIRE TREES",NA
"A2040T","KD","7/5/2018","6/26/2018","A","134326","40.10030","120.60631","310","GRANITE","17","M","STR","5","KW","5","95","0.5","0.5","0.5",NA,"0.5",NA,"90","130","0","0.5","11","2","0","1","3","0","0","6","0","0","1","1","0","0",NA,NA,NA,NA,NA,NA,NA,NA,NA,NA,NA,NA,NA,NA,"25.0",NA,NA,NA,NA,NA,NA,NA,NA,NA,"Y","Y","C","N","N","SAW CLUSTER OF THREE EVENLY SPACED",NA
"A2040C","KD","7/5/2018","6/26/2018","A","120219","40.09981","120.60499","247","GRANITE","15.5","M","STR","5","AG","5","95","0.5","0.5","0.5",NA,"0.5",NA,"60","79","0","0","4","1","0","4","0","0","0","7","1","2","6","4","0.5","0",NA,NA,NA,NA,NA,NA,NA,NA,NA,NA,NA,NA,NA,NA,"115",NA,NA,NA,NA,NA,NA,NA,NA,NA,"Y","N",NA,"N",NA,"SOME PRE-FIRE <2M TREES IN PLOT",NA
"A2041T","KD","7/5/2018","6/26/2018","A","150223","40.10119","120.60595","262","GRANITE","20.2","M","STR","4","CM","10","90","0.5","0.5","0.5",NA,"0.5",NA,"40","135","0.5","0.5","2","2","0","2","2","0.5","0","3","3","1","0.5","0","0","0",NA,NA,NA,NA,NA,NA,NA,NA,NA,NA,NA,NA,NA,NA,"34.0",NA,NA,NA,NA,NA,NA,NA,NA,NA,"Y","Y","G","N","N","PLANTED PIPJS SURROUNDING PLOT, SOME MORTALITY",NA
"A2041C","KD","7/5/2018","6/26/2018","A","144518","40.10092","120.60439","264","GRANITE","27.2","M","STR","5","KW","20","80","0.5","0.5","0.5",NA,"0.5",NA,"70","102","0","0.5","6","0","1","6","3.5","0","0","7","0","0","0.5","0","0","0",NA,NA,NA,NA,NA,NA,NA,NA,NA,NA,NA,NA,NA,NA,"149.0",NA,NA,NA,NA,NA,NA,NA,NA,NA,"Y","N",NA,"N","N","SOUTH TRANSECT ADJUSTED BECAUSE THERE WAS A BIG BOULDER",NA
"A4247C","KD","7/23/2018","7/21/2018","A","115829","40.11608","120.61795","328","GRANITE","18","L","STR","5","AG","0.5","90","10","0.5","0.5",NA,"60","35","80","116","0.5","0.5","21","18","2","4","2","2","5","19","14","4","4","4","2","1",NA,NA,NA,NA,NA,NA,NA,NA,NA,NA,NA,NA,NA,NA,"27.0",NA,NA,NA,NA,NA,NA,NA,NA,NA,"N","N",NA,"N",NA,"PLOT MOVED DUE TO RIPARIAN AREA. PSME, SIZE CLASS B IN PLOT NOT ON TRANSECT. PIPJ, SIZE CLASS B IN PLOT BUT NOT ON TRANSECT. TWO SIZE CLASS B PSMES JUST OUT OF PLOT. CADE SEEDLING SIZE CLASS A IN PLOT, NOT ON TRANSECT. TWO PIPJ SIZE CLASS A IN PLOT, NOT ON TRANSECT. RIPARIAN TRANSITION BEGINS NORTH OF PLOT.",NA
"A4245T","KD","7/23/2018","7/22/2018","A","085446","40.11402","120.62401","4","GRANITE","26.0","U","STR","5","KD","5","95","0.5","0.5","0.5",NA,"5","30","95","160","0","0.5","7","0","0","4","1","2","0","17","2","2","0.5","0.5","0","0.5",NA,NA,NA,NA,NA,NA,NA,NA,NA,NA,NA,NA,NA,NA,"53.4",NA,NA,NA,NA,NA,NA,NA,NA,"14.1","Y","N",NA,"N",NA,"B CLASS PIPJ AND CADE IN PLOT, NOT ON TRANSECT",NA
"A4245C","KD","7/23/2018","7/21/2018","A","135820","40.11348","120.62482","21","GRANITE","22.4","R","STR","5","KD","5","95","0.5","0.5","0.5",NA,"5","30","80","100","0","0.5","4","2","4","1","1","2","3","16","2","1","4","2","1","1",NA,NA,NA,NA,NA,NA,NA,NA,NA,NA,NA,NA,NA,NA,"167",NA,NA,NA,NA,NA,"14.8",NA,NA,NA,"Y","N",NA,"N",NA,"CADE SEEDLING SIZE CLASS B, IN PLOT, NOT IN TRANSECT. PIPJ SEEDLING SIZE CLASS A IN PLOT, NOT IN TRANSECT.",NA
"A4205I","KD","7/23/2018","7/21/2018","A","154718","40.16008","120.63142","92","GRANITE","13.7","M","STR","5","NB","5","90","5","0.5","0.5",NA,"10","35","70","155",NA,"0.5","5","6","12","2","0","0.5","0","8","2","1","2","1","4","1",NA,NA,NA,NA,NA,NA,NA,NA,NA,NA,NA,NA,NA,NA,"169",NA,NA,NA,NA,NA,NA,NA,NA,NA,"Y","Y","C2","L","N","SOIL DISTURBED FROM SALVAGE OP.",NA
"A4203I","KD","7/23/2018","7/21/2018","A","162206","40.15738","120.63136","41","GRANITE","20.0","M","STR","5","CM","0.5","90","10","0.5","0.5",NA,"5","30","80","90","0","0","5","10","2","0.5","2","0","1","2","1","2","2","1","0","0.5",NA,NA,NA,NA,NA,NA,NA,NA,NA,NA,NA,NA,NA,NA,NA,NA,NA,NA,NA,NA,NA,NA,NA,NA,"Y","N",NA,"L",NA,NA,NA
"A4204I","KD","7/23/2018","7/21/2018","A","164659","40.15870","120.63101","73","GRANITE","18.8","M","STR","5","AG","0.5","80","20","0.5","5","55","20","30","80","110","0","0","9","1","5","10","11","3","1","4","0","1","0","0.5","0","0",NA,NA,NA,NA,NA,NA,NA,NA,NA,NA,NA,NA,NA,NA,"401",NA,NA,NA,NA,NA,NA,NA,NA,"59","Y","N",NA,"L",NA,"POSSIBLE PRE-FIRE HARVEST AS WELL AS SALVAGE",NA
"A4177C","KD","7/23/2018","7/22/2018","A","171210","40.15860","120.65354","150","GRANITE","14.3","M","STR","4","NB","0.5","90","10","0.5","0.5",NA,"0.5",NA,"90","100","5","0","3","4","3","0.5","2","0","0.5","6","5","3","0.5","1","0","0.5",NA,NA,NA,NA,NA,NA,NA,NA,NA,NA,NA,NA,NA,NA,"39.3",NA,NA,NA,NA,NA,NA,NA,NA,NA,"N","N",NA,"N",NA,"PLOT MOVED DUE TO LOW FIRE SEVERITY, NEARBY LOW SEVERITY BURN.",NA
"A4249T","KD","7/23/2018","7/22/2018","A","115111","40.09573","120.61237","160","GRANITE","21.7","U","STR","5","NB+AG","30","70","0.5","0.5","0.5",NA,"20","40","60","110","0","0.5","17","10","9","1","2","1","3","14","19","3","10","5","4","3",NA,NA,NA,NA,NA,NA,NA,NA,NA,NA,NA,NA,NA,NA,"41.8",NA,NA,NA,NA,NA,"20","11.9",NA,NA,"Y","Y","C3","N","N","LARGE BOULDERS COMMON THROUGHOUT AREA",NA
"A4249C","KD","7/23/2018","7/22/2018","A","125656","40.09492","120.61186","216","GRANITE","28.9","M","CAV","5","NB+AG","20","70","10","0.5","0.5",NA,"5","40","80","130","0","0","2","1","4","1","4","0","1","14","10","7","6","5","3","1",NA,NA,NA,NA,NA,NA,NA,NA,NA,NA,NA,NA,NA,NA,"38",NA,NA,NA,NA,NA,NA,NA,NA,"21","Y","N",NA,"N",NA,"LARGE BOULDERS COMMON THROUGHOUT AREA",NA
"A4012C","NB","7/23/2018","7/19/2018","A","165257","40.24274","120.84695","290","GRANITE","29.1","M","CAV","5","NB","0","90","20","0.5","0",NA,"0.5",NA,"95","130","0","0","3","6","3","2","0.5","3","4","0","3","6","4","2","2","6",NA,NA,NA,NA,NA,NA,NA,NA,NA,NA,NA,NA,NA,NA,"289",NA,NA,NA,NA,NA,NA,NA,NA,NA,"Y","N",NA,"N",NA,NA,NA
"A4012T","NB","7/23/2018","7/19/2018","A","173741","40.24186","120.84708","263","GRANITE","22.8","M","STR","5","CM","0","90","10","0.5","0",NA,"0.5",NA,"100","120","0","0","8","3","3","2","3","0","0","5","1","2","3","2","0","1",NA,NA,NA,NA,NA,NA,NA,NA,NA,NA,NA,NA,NA,NA,"264",NA,NA,NA,NA,NA,NA,NA,NA,NA,"Y","N",NA,"N",NA,NA,NA
"A4167C","NB","7/23/2018","7/20/2018","A","103719","40.21975","120.72682","20","GRANITE","9.3","M","STR","5","AG","0","90","10","0.5","0.5",NA,"5","50","95","200","0","0.5","16","10","10","3","2","2","1","6","3","0","1","1","4","0",NA,NA,NA,NA,NA,NA,NA,NA,NA,NA,NA,NA,NA,NA,"46.3",NA,NA,NA,NA,NA,NA,NA,NA,NA,"Y","N",NA,"N",NA,NA,NA
"A4167T","NB","7/23/2018","7/20/2018","A","112105","40.22052","120.72631","25","GRANITE","10.4","M","STR","5","CM","0.5","70","30","0.5","0.5",NA,"0.5",NA,"95","140","0","0.5","12","4","2","2","3","0.5","0.5","3","3","3","1","1","2","0.5",NA,NA,NA,NA,NA,NA,NA,NA,NA,NA,NA,NA,NA,NA,"74",NA,NA,NA,NA,NA,NA,NA,NA,NA,"Y","N",NA,"N",NA,"Two PILA seedlings size class A in plot off transect",NA
"A4247T","NB","7/23/2018","7/21/2018","A","103658","40.11526","120.61781","330","GRANITE","9.8","M","STR","4","NB","0","90","10","0.5","0.5",NA,"0.5",NA,"90","160","0.5","0.5","1","1","2","3","3","3","1","8","5","2","1","1","0","0",NA,NA,NA,NA,NA,NA,NA,NA,NA,NA,NA,NA,NA,NA,"72",NA,NA,NA,NA,NA,NA,NA,NA,NA,"Y","Y","C","N","N","PIPJ seedling <25cm in plot, off transect. Planting either C2 or C3.",NA
"A4248C","NB","7/23/2018","7/21/2018","A","112422","40.11578","120.61820","316","GRANITE","21.6","M","CAV","5","CM","0.5","95","5","0.5","0.5",NA,"5","30","95","150","0","0.5","7","2","2","0.5","3","0.5","1","6","0","7","0.5","3","0","3",NA,NA,NA,NA,NA,NA,NA,NA,NA,NA,NA,NA,NA,NA,"22.6",NA,NA,NA,NA,NA,NA,NA,NA,NA,"Y","N",NA,"N",NA,"Plot moved three times due to riparian area and low fire severity.",NA
"A4248T","NB","7/23/2018","7/21/2018","A","094149","40.11556","120.61680","90","GRANITE","28.0","M","STR","5","KD","30","65","5","0.5","0.5",NA,"10","30","60","125","0","0.5","7","9","3","0","3","0","0.5","4","9","8","2","0.5","0","1",NA,NA,NA,NA,NA,NA,NA,NA,NA,NA,NA,NA,NA,NA,"92",NA,NA,NA,NA,NA,NA,NA,NA,NA,"Y","Y","C2","N","N","Dead planted PIPJ near plot",NA
"B1002C","NB","7/23/2018","7/12/2018","A","131258","38.48456","120.30145","74","GRANITE","32","M","STR","4","NB","10","80","10","0.5","0.5",NA,"5","45","80","300","10","40","25","4","3","11","1","3","0","3","3","0","0.5","2","2","0.5",NA,NA,NA,NA,NA,NA,NA,NA,NA,NA,NA,NA,NA,NA,NA,"27","0.9","2.7","4.0","0.9","38","30",NA,NA,"Y","N",NA,"N",NA,"Rodent nests. Plot moved once due to low fire severity. Plot contains some live trees on the boundary between high and low fire severity. QUCH forest nearby.",NA
"B1002T","NB","7/23/2018","7/12/2018","A","142249","38.48468","120.30222","105","GRANITE","16.3","M","STR","4","KD","0","95","5","0.5","0.5",NA,"5","40","60","70","10","30","0","5","6","2","4","0.5","0","2","1","3","2","0.5","1","0",NA,NA,NA,NA,NA,NA,NA,NA,NA,NA,NA,NA,NA,NA,NA,"49.6","SEE TREE DATA","SEE TREE DATA","SEE TREE DATA","SEE TREE DATA","25.1","9.9","15.2",NA,"N","Y","C2","L","Y","Two QUKE seedlings in plot, off transect. Plot near reservoir flume (not representative of broader area). Prefire harvest evidence, possibly hazard tree removal for flume.",NA
"B1003C","NB","7/23/2018","7/12/2018","A","101916","38.48443","120.30117","95","GRANITE","33.3","M","STR","4","AG","0.5","95","5","0.5","0.5",NA,"0.5",NA,"80","280","5","30","30","3","1","7","4","0.5","2","18","7","4","2","0.5","0.5","0",NA,NA,NA,NA,NA,NA,NA,NA,NA,NA,NA,NA,NA,NA,NA,"17.2","1.4","2.0","3.6","1.9","14.9",NA,NA,NA,"N","N",NA,"N",NA,"POISON OAK IN PLOT. Plot moved once due to low fire severity. Rodent nest. CADE seedling within plot, off transect. QUKE seedling nearby.",NA
"B1004C","NB","7/5/2018","6/13/2018","Derek's phone","101755","38.48633","120.30068","78","GRANITE","15","M","STR","4","DY","0.5","95","5","0.5","0.5","40","5","27","70","60","10","10","29","25","10","4","6","1","2","24","29","9","4","3","2","4","29","13","0","4","6","2","3","7","11","1","4","4","1","4","24.1",NA,"6.4","1.1","8.7","4.5","12.5","18.8","15.4",NA,"Y","U",NA,"N","N","PILA seed source uphill",NA
"B1004T","NB","7/5/2018","6/13/2018","A","115208","38.48618","120.30155","120","GRANITE","12.1","M","STR","5","KD","0.5","95","5","0.5","40","70","0.5","90","20","300","10","20","1","8","4","2","2","2","5","18","5","0","3","2","2","0.5",NA,NA,NA,NA,NA,NA,NA,NA,NA,NA,NA,NA,NA,NA,"62.4",NA,NA,NA,NA,NA,NA,NA,NA,NA,"N","Y","G","L","N","Helicopter logging. ~4m diameter slash pile in NW quadrant.",NA
"B1007C","NB","8/16/2018","8/15/2018","A","120342","38.49904","120.29512","170","GRANITE","20.8","M","STR","5","KD","0.5","100","0.5","0.5","5","15","0.5",NA,"5","29","0","O.5","21","1","0","1","0","2","0","3","4","1","0.5","0.5","0","0",NA,NA,NA,NA,NA,NA,NA,NA,NA,NA,NA,NA,NA,NA,"217.6","0","SEE TREE DATA","3.4","3.8","SEE TREE DATA",NA,NA,NA,"29.1","Y","N",NA,"L",NA,"Possible planting ~20m W of PC. Class A PIPJin plot off transect. Logging is possibly hazard tree removal for road, now untravelled",NA
"B1007T","NB","8/16/2018","8/15/2018","A","124213","38.49857","120.29458","107","GRANITE","17.8","M","STR","5","AG","5","95","0.5","0.5","0.5",NA,"30","38","60","140","0","10","39","17","6","0.5","0.5","0","0","8","0","1","0","0.5","0","0",NA,NA,NA,NA,NA,NA,NA,NA,NA,NA,NA,NA,NA,NA,NA,"28","11.0","SEE TREE DATA","SEE TREE DATA","SEE TREE DATA","26.3","SEE TREE DATA","SEE TREE DATA","14.6","Y","U",NA,"L",NA,"Rodent nest near N transect. Plot moved due to rocky outcropping. Possible planting 20m from PC - dense regen of uniform age and spacing.",NA
"B1008C","NB","8/16/2018","8/15/2018","A","141853","38.50024","120.29347","136","GRANITE","29","M","STR","5","NB","5","95","0.5","0.5","0.5",NA,"0.5",NA,"60","24","0","20","2","0","0","0","2","0","0","0","0","0","4","0","0","0",NA,NA,NA,NA,NA,NA,NA,NA,NA,NA,NA,NA,NA,NA,NA,NA,"SEE TREE DATA","SEE TREE DATA","SEE TREE DATA","SEE TREE DATA","11.5","17.6","SEE TREE DATA","16.1","Y","N",NA,"L",NA,"Hazard tree removal near road, ~20m from PC.",NA
"B1008T","NB","8/16/2018","8/15/2018","A","152832","38.49971","120.29321","139","GRANITE","28.4","M","STR","5","CM","0.5","70","30","0.5","0.5",NA,"5","40","50","25","0","30","22","7","5","2","1","0","0.5","3","3","1","0.5","3","0","0","58","30","15","0.5","0.5","5","2","10","6","6","0.5","3","0","2",NA,NA,"SEE TREE DATA","SEE TREE DATA","SEE TREE DATA","SEE TREE DATA","15.8","SEE TREE DATA","16.4","11.4","Y","N",NA,"N",NA,"SE quadrant contains high concentration of fine fuels from single fallen oak, partially captured by fuel transects. Potential dry drainage running N-S in plot, no difference in vegetation.",NA
"B1017C","NB","8/13/2018","7/10/2018","A","171641","38.49957","120.29007","135","GRANITE","17.4","M","STR","5","NB","0.5","100","0.5","0.5","5","40","50","30","20","300","0","20","13","0","0","1","0.3","0","0","3","0","0","0.5","2","0","0",NA,NA,NA,NA,NA,NA,NA,NA,NA,NA,NA,NA,NA,NA,NA,NA,"SEE TREE DATA","SEE TREE DATA","SEE TREE DATA","SEE TREE DATA","SEE TREE DATA",NA,"SEE TREE DATA",NA,"Y","Y","G","N","U","Plot appears to enter planting unit on S side. Slope shot at 6 meters due to low visibility. Planting surrounding plot. Many trees planted next to resprouting  hardwoods. Unsure if plot itself was planted.",NA
"B1017T","NB","8/13/2018","7/10/2018","A","165842","38.49999","120.29048","120","GRANITE","21.9","M","STR","5","KD","0.5","80","20","0.5","0.5",NA,"5","35","40","45","0","40","0","11","5","3","1","0.5","0","3","5","3","1","3","0","0.5",NA,NA,NA,NA,NA,NA,NA,NA,NA,NA,NA,NA,NA,NA,NA,NA,"3.12","4.0","1.7","3.53","3.18","4.6","7.8","18.8","Y","Y","G","N","U",NA,NA
"B1021C","NB","8/13/2018","7/10/2018","A","125649","38.48432","120.28836","274","OTHER","20","M","STR","5","KD","0","80","20","0.5","0",NA,"0.5",NA,"100","300","0.5","0.5","17","7","5","6","7","2","4","65","27","20","1.5","2.0","0.5","0",NA,NA,NA,NA,NA,NA,NA,NA,NA,NA,NA,NA,NA,NA,"16.2",NA,"SEE TREE DATA","SEE TREE DATA","SEE TREE DATA","SEE TREE DATA","SEE TREE DATA",NA,NA,"SEE TREE DATA","Y","N",NA,"N",NA,"Planting evidence nearby. Two rodent nests in plot, outside of fuel transects. Estimates used for stem map distances due to shrub density. Transect tape used as reference. No parent material visible.",NA
"B1021T","NB","8/13/2018","7/10/2018","A","172142","38.48427","120.28723","330","GRANITE","18.6","M","STR","5","KD","0.5","80","20","0.5","0",NA,"5","40","90","300","0","20","28","8","6","2","1","1","0","34","16","4","1","1","0","1",NA,NA,NA,NA,NA,NA,NA,NA,NA,NA,NA,NA,NA,NA,"168.0",NA,"SEE TREE DATA","SEE TREE DATA","SEE TREE DATA","SEE TREE DATA","13",NA,"SEE TREE DATA","SEE TREE DATA","N","N",NA,"L",NA,"Many estimates used for stem map distances due to shrub density. Transect tape used as reference. Plot moved due to road. Road within 20m of PC. CADE A class seedling in plot, off transect.",NA
"B1022C","NB","7/5/2018","6/13/2018","A","182310","38.50347","120.25950","205","GRANITE","17","U","STR","5","NB","5","95","0.5","0.5","0.5","59","5","50","90","30","0","0.5","5","9","10","6","3","3","0","23","5","3","8","4","7","2.5",NA,NA,NA,NA,NA,NA,NA,NA,NA,NA,NA,NA,NA,NA,"55",NA,"16.0","18.4","12.7","15.9",NA,NA,NA,NA,"Y","N",NA,"L",NA,"Large diameter salvage stumps, some cut trunks and branches left behind.",NA
"B1022T","NB","7/5/2018","6/12/2018","Derek's phone","164953","38.50372","120.26055","160","GRANITE","24","M","STR","5","NB","5","75","20","0.5","0.5","35","0.5","30","95","32","5","0","10","17","11","2","1","2","1","8","15","1","1","5","0","5",NA,NA,NA,NA,NA,NA,NA,NA,NA,NA,NA,NA,NA,NA,"68",NA,NA,NA,NA,NA,"11.00","20.5",NA,"13.0","Y","U",NA,"N",NA,"Plot moved once due to stream. Large diameter salvage within 30m of PC",NA
"B1023C","NB","7/5/2018","6/14/2018","A","085148","38.50196","120.25309","262","GRANITE","14","L","STR","5","KD","0.5","95","5","0.5","5","65","0",NA,"95","300","0","0","52","14","2","0.5","10","4","4","3","3","0","1","2","1","4",NA,NA,NA,NA,NA,NA,NA,NA,NA,NA,NA,NA,NA,NA,"117",NA,NA,NA,NA,NA,NA,"13.1","13.0",NA,"N","N",NA,"L",NA,"Unsure of species of nearest oak. Flowing stream NW of plot - plot is mesic. Salvage evidence nearby.",NA
"B1023T","NB","7/5/2018","6/14/2018","A","141928","38.50247","120.25283","241","GRANITE","11","L","STR","5","NB","0.5","95","5","0.5","40","60","0",NA,"60",NA,"0","20","48","10","6","2.5","13","5","6","0","2","1","4","4","3","4",NA,NA,NA,NA,NA,NA,NA,NA,NA,NA,NA,NA,NA,NA,"77.5",NA,NA,NA,NA,NA,"8.6","8.1",NA,NA,"N","U","U","N",NA,"Unsure of species of nearest oak. Flowing stream NW of plot - plot is mesic.Riparian vegetation begins 15m away from PC.",NA
"B1024C","NB","7/5/2018","6/15/2018","A","104523","38.50158","120.25317","261","GRANITE","30","M","STR","5","KD","0.5","95","5","0.5","0.5","20","20","35","80",NA,"0","20","23","10","0","3","4","2.5","4","9","2","0","2","4.5","0","2",NA,NA,NA,NA,NA,NA,NA,NA,NA,NA,NA,NA,NA,NA,"140",NA,NA,NA,NA,NA,NA,NA,NA,"13.6","Y","U",NA,"N","N","See tree data for nearest NE and SW pre-fire oaks.",NA
"B1024T","NB","7/5/2018","6/14/2018","A","162035","38.50173","120.25240","238","GRANITE","23","M","STR","5","NB","0.5","95","5","0.5","0.5","10","10","30","20",NA,"0","10","3","0","0","0","0","0","0","26","7","0","1","3","1.5","2.5",NA,NA,NA,NA,NA,NA,NA,NA,NA,NA,NA,NA,NA,NA,"43.9",NA,NA,NA,NA,NA,NA,NA,NA,NA,"Y","U","U","N","N","See tree data for nearest pre-fire oaks.",NA
"B1025C","NB","7/5/2018","6/13/2018","A","145424","38.50753","120.25208","39","GRANITE","5","R","STR","5","NB","5","95","0.5","0.5","0.5","20","10","40","70",NA,"0","0.5","1","2","2","0","0","0","0","13","7","3","7","1","3","4",NA,NA,NA,NA,NA,NA,NA,NA,NA,NA,NA,NA,NA,NA,"32.9",NA,NA,NA,NA,NA,"24.1",NA,"12.4",NA,"Y","N",NA,"N","N","<25cm CADE seedlings within plot, out of transect. Nearby mature PILAs.",NA
"B1025T","NB","7/5/2018","6/13/2018","A","160158","38.50853","120.25227","25","GRANITE","7.9","M","STR","5","NB","0.5","95","5","0.5","30","35","10","60","60",NA,"0","5","8","5","2","2","2","1","4","3","2","0","1.5","2","0","0",NA,NA,NA,NA,NA,NA,NA,NA,NA,NA,NA,NA,NA,NA,"21.5",NA,NA,NA,NA,NA,NA,NA,NA,NA,"Y","Y","G","N","N","Roadside hazard felling adjacent to plot, but not within plot",NA
"B1026C","NB","7/5/2018","6/12/2018","Derek's phone",NA,"38.50478","120.25089","250","GRANITE","10","M","STR","5","DY","0.5","95","5","0.5","0.5","20","5","30","90",NA,"0","0.5","8","4","1","2","3","1","0","10","10","3","3","2","4","6",NA,NA,NA,NA,NA,NA,NA,NA,NA,NA,NA,NA,NA,NA,"85",NA,NA,NA,NA,NA,NA,NA,NA,NA,"N","U",NA,"N","N",NA,NA
"B1026T","NB","7/5/2018","6/12/2018","Derek's phone","131912","30.50467","120.25161","253","GRANITE","17","L","STR","5","KD","0.5","95","0.5","0.5","0.5","50","0.5","32","95",NA,"0","5","9","7","1","2.5","1.5","1","0.5","9","5","6","4","6","2","4",NA,NA,NA,NA,NA,NA,NA,NA,NA,NA,NA,NA,NA,NA,"89",NA,NA,NA,NA,NA,NA,NA,NA,NA,"N","Y","G","Y","N","Unsure if H or L logged",NA
"C2010C","NB","9/13/2018","9/11/2018","A","134231","39.19697","120.52708","159","OTHER","27.0","M","STR","5","NB","5","95","0.5","0.5","0.5",NA,"5","30","30","55","0","0.5","13","8","4","1","0.5","0","0","12","7","5","2","0.5","0","0.5",NA,NA,NA,NA,NA,NA,NA,NA,NA,NA,NA,NA,NA,NA,"79",NA,NA,NA,NA,NA,"10.47",NA,"22.0","26.0","N","U","U","N","N","Plot moved due to rocky outcrop. Plot still contains 3% exposed bedrock, 15% talus, and shallow soils. Rockiness is representative of hillside. Plot not representative; grassy cliffs to E, dead QUKE forest and tall shrubs to W. Parent material Metasedimentary.",NA
"C2011T","NB","9/13/2018","9/10/2018","A","113331","39.18782","120.52141","353","OTHER","16.3","M","STR","5","NB","0.5","95","5","0.5","0.5",NA,"0.5",NA,"95","140","0","0.5","9","3","6","0.5","0.5","0","2","5","5","6","1","1","0","0.5",NA,NA,NA,NA,NA,NA,NA,NA,NA,NA,NA,NA,NA,NA,"165",NA,NA,NA,NA,NA,NA,NA,NA,NA,"Y","Y","C2","N","Y","Parent material igneous. Planted seedlings clearly released in plot and surrounding area. Abundant natural regen in plot, mostly shaded. B class CADE in plot.","8.3"
"C2012T","NB","9/13/2018","9/10/2018","A","145804","39.18841","120.52059","358","OTHER","21.2","M","VEX","5","KD","0.5","100","0.5","0.5","5","30","0.5",NA,"95","90","0","0.5","2","5","1","2","6","2","2","8","1","0","1","1","0.5","0.5",NA,NA,NA,NA,NA,NA,NA,NA,NA,NA,NA,NA,NA,NA,"221",NA,NA,NA,NA,NA,NA,NA,NA,NA,"Y","Y","C2","N","Y","Parent material igneous. Plot contains dry gully on NE side and is bordered by one on SW side.",NA
"C2013T","NB","9/13/2018","9/10/2018","A","160802","39.18901","120.51978","10","OTHER","17.6","M","CAV","5","NB","0.5","90","10","0.5","0.5",NA,"0.5",NA,"95","110","0","0.5","5","1","18","0.5","1","0.5","3","12","6","5","4","7","1","2",NA,NA,NA,NA,NA,NA,NA,NA,NA,NA,NA,NA,NA,NA,"221",NA,NA,NA,NA,NA,NA,NA,NA,NA,"Y","Y","C2","N","Y","Parent material igneous. Planted, stunted ABMA in plot, B class. Planted SEGIs nearby. Dry gully through E edge of plot, little if any riparian veg.",NA
"D1000T","NB","8/13/2018","8/3/2018","A","121143","35.50832","118.36614","124","OTHER","21.4","M","STR","5","CM","0","95","5","0.5","5","44","80","25","20","110","0","0.5","1","5","13","0.5","1","0","0","1","0","0","0","0","0","0",NA,NA,NA,NA,NA,NA,NA,NA,NA,NA,NA,NA,NA,NA,NA,NA,NA,"SEE TREE DATA","13.9","16.6","SEE TREE DATA","SEE TREE DATA","SEE TREE DATA","SEE TREE DATA","Y","N",NA,"N",NA,"Parent material metasedimentary.",NA
"D1011C","NB","8/16/2018","8/5/2018","A","104612","35.48255","118.36695","13","OTHER","14.4","L","STR","5","AG","0","95","5","0.5","5","115","0.5",NA,"95","90","0","0.5","2","5","1","0","1","0","0","6","0","1","0.5","1","0","0",NA,NA,NA,NA,NA,NA,NA,NA,NA,NA,NA,NA,NA,NA,"33",NA,NA,NA,NA,NA,NA,NA,NA,NA,"Y","N",NA,"N",NA,"Plot moved due to proximity to D1010C",NA
"D1016C","NB","8/13/2018","8/4/2018","A","131925","35.47160","118.36724","346","OTHER","6.1","U","STR","5","NB","0","95","5","0.5","0.5",NA,"0.5",NA,"95","110","0","0","1","2","2","0.5","0.5","3","7","2","7","1","1","1","4","1",NA,NA,NA,NA,NA,NA,NA,NA,NA,NA,NA,NA,NA,NA,"40",NA,NA,NA,NA,NA,NA,NA,NA,NA,"N","N",NA,"N",NA,"Parent material metasedimentary. Plot moved due to rocky outcrop and low fire severity. Low salvage evidence 30m from PC.",NA
"D1016T","NB","8/13/2018","8/4/2018","A","103533","35.47240","118.36522","32","OTHER","21.1","M","STR","5","KD","0.5","90","10","0.5","0",NA,"0.5",NA,"100","55","0","0.5","5","10","10","1","3","0","0.5","1","1","2","1","0.5","2","0.5",NA,NA,NA,NA,NA,NA,NA,NA,NA,NA,NA,NA,NA,NA,"48.3",NA,NA,NA,NA,NA,NA,NA,NA,NA,"Y","Y","G","N","N","A class ABCO in plot, off transect. Parent material metasedimentary.",NA
"D1092C","NB","8/13/2018","8/2/2018","A","144011","35.48575","118.35112","160","OTHER","13.9","M","STR","4","NB","0.5","95","5","0.5","0.5",NA,"80","33","50","100","10","0","15","5","1","0.5","0.5","0","0.5","5","3","4","2","2","0","0.5",NA,NA,NA,NA,NA,NA,NA,NA,NA,NA,NA,NA,NA,NA,"27.3",NA,NA,NA,NA,NA,"25","54","20.4",NA,"Y","N",NA,"L",NA,"Parent material metasedimentary. Dirt bike trail present on edge of plot, comprises about one square meter of plot. About 0.5m wide. Light hazard tree removal for trail.",NA
"D1092T","NB","8/13/2018","8/2/2018","A","152902","35.48608","118.34950","147","OTHER","16.8","M","STR","5","KD","0.5","100","0.5","0.5","20","15","40","32","30","77","0","5","0","0","1","0.5","0","0","0","0","0","2","0.5","0.5","0.5","0.5",NA,NA,NA,NA,NA,NA,NA,NA,NA,NA,NA,NA,NA,NA,"101.9",NA,NA,NA,NA,NA,"14.0","16.2","SEE TREE DATA","11.5","Y","Y","U","N","U","Parent material metasedimentary.",NA
"D1099T","NB","8/13/2018","8/2/2018","Alexis' phone",NA,"35.47512","118.34819","147","OTHER","24.6","M","STR","5","CM","0.5","100","0.5","0.5","20","54","80","34","0.5",NA,"0","5","2","4","1","2","3","0","0","7","5","3","0.5","2","0","0.5",NA,NA,NA,NA,NA,NA,NA,NA,NA,NA,NA,NA,NA,NA,"76",NA,"13","11.4","23.8",NA,"SEE TREE DATA","11.6","11.6","12.02","Y","Y","U","N","U","Parent material metasedimentary and granite.",NA
"E0048C","NB","9/6/2018","8/28/2018","A","105535","39.60440","120.18200","76","GRANITE","25.5","M","STR","5","KD","0.5","90","10","0.5","5","60","5","50","50","80","0","0.5","3","1","3","4","0.5","5","0","1","2","1","4","0","0.5","0",NA,NA,NA,NA,NA,NA,NA,NA,NA,NA,NA,NA,NA,NA,NA,NA,NA,NA,NA,NA,NA,NA,NA,NA,"Y","Y","U","N","U",NA,NA
"E0054I","NB","9/13/2018","8/30/2018","Derek's phone","083730","39.61188","120.17376","285","GRANITE","22.4","M","STR","5","DY","0.5","99","0.5","0.5","5","65","0.5",NA,"50","80","0","0.5","7","2","0","1","0.5","1","0","6","0","0","1","0","0","0",NA,NA,NA,NA,NA,NA,NA,NA,NA,NA,NA,NA,NA,NA,"290",NA,NA,NA,NA,NA,NA,NA,NA,NA,"Y","Y","G","N","N",NA,NA
"E0059I","NB","9/13/2018","8/30/2018","Derek's phone","094943","39.61189","120.17204","352","GRANITE","22.8","U","STR","5","NB","0.5","99","0.5","0.5","5","45","0.5",NA,"85","70","0","0.5","3","7","7","3","3","2","2","8","3","2","1","1","0","0",NA,NA,NA,NA,NA,NA,NA,NA,NA,NA,NA,NA,NA,NA,NA,NA,NA,NA,NA,NA,NA,NA,NA,NA,"Y","Y","G","N","N","Cluster of PIPJ regen (about 25) is 14m @ 317deg FROM PC. Min ht: 85, max ht: 210, avg ht: 150cm.",NA
NA,NA,NA,NA,NA,NA,NA,NA,NA,NA,NA,NA,NA,NA,NA,NA,NA,NA,NA,NA,NA,NA,NA,NA,NA,NA,NA,NA,NA,NA,NA,NA,NA,NA,NA,NA,NA,NA,NA,NA,NA,NA,NA,NA,NA,NA,NA,NA,NA,NA,NA,NA,NA,NA,NA,NA,NA,NA,NA,NA,NA,NA,NA,NA,NA,NA,NA,NA,NA,NA,NA,NA
NA,NA,NA,NA,NA,NA,NA,NA,NA,NA,NA,NA,NA,NA,NA,NA,NA,NA,NA,NA,NA,NA,NA,NA,NA,NA,NA,NA,NA,NA,NA,NA,NA,NA,NA,NA,NA,NA,NA,NA,NA,NA,NA,NA,NA,NA,NA,NA,NA,NA,NA,NA,NA,NA,NA,NA,NA,NA,NA,NA,NA,NA,NA,NA,NA,NA,NA,NA,NA,NA,NA,NA
"B1016T","KD","8/13/2018","7/11/2018","A","081424","38.49433","120.29085","4","GRANITE","22.4","M","STR","4","CM, KD, NB, AG","0.5","95","5","0.5","0.5",NA,"10","32","80","300","5","20","26","3","4","1","1.5","0.5","1","45","11","2","9","2","4.5","1",NA,NA,NA,NA,NA,NA,NA,NA,NA,NA,NA,NA,NA,NA,"370",NA,"2.41","2.7","2.5","2.9",NA,NA,NA,NA,"Y","Y","U","N","U","SLOPE/ASPECT SHOT FROM PLOT CENTER DOWN BECAUSE OF THICK SHRUB. QUCH SUBSAMPLE ALONG N/S TRANSECT IS REPRESENTATIVE. PLANTING EVIDENCE OUTSIDE PLOT. DISTANCE ESTIMATES FOR SOME TREES (ALL TREES WITH NO DECIMAL PLACES, NO TREES WITH TWO DECIMAL PLACES, SOME WITH 1 DECIMAL).",NA
"B1020C","KD","8/13/2018","7/10/2018","A","133550","38.49908","120.28801","138","GRANITE","23.9","M","STR","5","AG","0.5","95","5","0.5","5","29","5","50","90","45","0","30","10","4","7","5","3","2","1","3","8","2","1","3","0","1",NA,NA,NA,NA,NA,NA,NA,NA,NA,NA,NA,NA,NA,NA,NA,NA,"SEE TREE DATA","17.4","SEE TREE DATA","SEE TREE DATA","SEE TREE DATA","18.5","SEE TREE DATA","16.1","Y","N",NA,"N",NA,"SW QUADRANT- MANY QUCHES SEEM TO BE GROWING FROM BASE OF QUKE",NA
"B1020T","KD","8/13/2018","7/10/2018","A","142638","38.49942","120.28837","132","GRANITE","19.4","M","STR","5","CM","5","90","5","0.5","0.5",NA,"0.5",NA,"95","45","0","20","11","2","3","1","3","0","0.5","7","2","2","4","3","1","0",NA,NA,NA,NA,NA,NA,NA,NA,NA,NA,NA,NA,NA,NA,"404",NA,"SEE TREE DATA","SEE TREE DATA","SEE TREE DATA","SEE TREE DATA","16","27","12.7",NA,"N","Y","U","N","U","OLD ROAD ~ 20M WEST OF PC, PLANTING EVIDENCE NEARBY",NA
"D1012T","KD","8/13/2018","8/5/2018","A","124827","35.47985","118.36722","20","METASEDIMENTARY","17.8","M","STR","4","KD","0","95","5","0.5","0.5",NA,"0",NA,"80","90","5","10","26","7","1","0.5","0","5","0","10","6","2","0.5","2","0","0.5",NA,NA,NA,NA,NA,NA,NA,NA,NA,NA,NA,NA,NA,NA,"75.7",NA,NA,NA,NA,NA,NA,NA,NA,NA,"Y","N",NA,"N",NA,"PLOT INCLUDES CLUSTER OF PRE-FIRE LIVE REGEN",NA
"D1012C","KD","8/13/2018","8/5/2018","A","120945","35.48098","118.36623","307","METASEDIMENTARY","17.4","M","STR","5","NB","0","95","5","0.5","50","100","0.5",NA,"80","70","0","0","18","0","0","0.5","0.5","1","2","0","0","3","1","0.5","3","0",NA,NA,NA,NA,NA,NA,NA,NA,NA,NA,NA,NA,NA,NA,"76.5",NA,NA,NA,NA,NA,NA,NA,NA,NA,"Y","N",NA,"N",NA,NA,NA
"D1099C","KD","8/16/2018","8/2/2018","A","115115","35.47485","118.34613","263","GRANITE","17.1","L","STR","5","KD","0.5","100","0.5","0.5","5","30","90","30","0.5",NA,"0","5","0","0","1","3","0.5","0.5","0","8","5","5","0.5","0.5","0","1",NA,NA,NA,NA,NA,NA,NA,NA,NA,NA,NA,NA,NA,NA,"34.8","0",NA,NA,NA,NA,"SEE TREE DATA","SEE TREE DATA","SEE TREE DATA","SEE TREE DATA","N","U",NA,"L",NA,"CUTTING EVIDENCE NO LOGGING EVIDENCE. PLOT MOVED DUE TO RIPARIAN ARE AND LOW FIRE SEVERITY",NA
"D1007T","KD","8/16/2018","8/1/2018","A","133256","35.47245","118.37288","276","METASEDIMENTARY","20.9","M","STR","5","CM","0.5","90","10","0.5","0.5",NA,"0.5",NA,"95","50","0","0.5","0","6","8","0.5","0.5","4","0","1","1","1","3","2","0","0",NA,NA,NA,NA,NA,NA,NA,NA,NA,NA,NA,NA,NA,NA,"203",NA,NA,NA,NA,NA,NA,NA,NA,NA,"N","N",NA,"H",NA,"SALVAGE OPERATIONS (H) TO NORTH AND EAST OF PLOT (+2 SALVAGE STUMPS IN PLOT)",NA
"D1007C","KD","8/16/2018","8/1/2018","A","141807","35.47094","118.37392","209","METASEDIMENTARY","23.7","M","STR","5","AG","0.5","100","0.5","0.5","0.5",NA,"40","30","50","45","0","0.5","0","0","1","2","0","0.5","0","2","1","1","0.5","0.5","0","0.5",NA,NA,NA,NA,NA,NA,NA,NA,NA,NA,NA,NA,NA,NA,"153",NA,NA,NA,NA,NA,NA,NA,"SEE TREE DATA","29.7","N","Y","C4","L",NA,"PRE-FIRE HARVEST EVIDENCE IN PLOT (L). PLOT NOT PLANTED; PLANTING UNIT EXTENDS FARTHER THAN MAP SHOWS, C4 PLANTING NEARBY. PLOT MOVED DUE TO PLANTING.",NA
"D1097T","KD","8/16/2018","8/2/2018","A","092918","35.47927","118.34895","64","METASEDIMENTARY","22.5","M","STR","5","NB","0.5","95","5","0.5","0.5",NA,"5","20","60","45","0","10","5","13","1","1","2","0","0.5","7","7","5","2","3","0","1",NA,NA,NA,NA,NA,NA,NA,NA,NA,NA,NA,NA,NA,NA,"21",NA,NA,NA,NA,NA,"SEE TREE DATA","SEE TREE DATA","SEE TREE DATA","SEE TREE DATA","Y","Y","U","N","U","DEAD A CLASS PIPJ ON TRANSECT",NA
"D1009C","KD","8/16/2018","7/31/2018","A","103156","35.47825","118.37386","250","METASEDIMENTARY","29.0","M","STR","5","NB","0","95","5","0.5","10","13","0.5",NA,"30","60",NA,"5","4","1","4","1","0","0","0","0","15","19","0","0.5","0","0",NA,NA,NA,NA,NA,NA,NA,NA,NA,NA,NA,NA,NA,NA,"50",NA,NA,NA,NA,NA,"SEE TREE DATA","18.7",NA,NA,"Y","U","U","N","U","EXPOSED, ROCKY SOIL. A CLASS PINE SEEDLING IN PLOT, B CLASS PIPJ. SEEDED QUKE 12.57M IN SE QUADRANT. AREA POSSIBLY PLANTED, GRID-LIKE ARRANGEMENT OF SEEDS OF VARYING LENGTH.",NA
"D1008C","KD","8/16/2018","7/31/2018","A","093402","35.47765","118.37366","330","METASEDIMENTARY","32.2","M","STR","5","KD","0.5","95","5","0.5","0.5",NA,"0.5",NA,"90","40","0","0.5","3","6","3","0","0.5","0","0","1","2","1","0.5","0.5","0","0.5",NA,NA,NA,NA,NA,NA,NA,NA,NA,NA,NA,NA,NA,NA,"58.8",NA,NA,NA,NA,NA,NA,NA,NA,NA,"Y","U","U","N",NA,"DRY GULLY THROUGH PLOT, NO VEGETATION CHANGE. UNSURE IF AREA PLANTED, CLEAR PLANTING EVIDENCE NEARBY, SOME TREES COULD BE PAIRED. OAKS- WELL OUT OF 20M AREA",NA
"D1011T","KD","8/16/2018","8/5/2018","A","113218","35.48126","118.36866","64","METASEDIMENTARY","17.5","U","STR","5","CM","0","100","0.5","0.5","60","75","60","30","30","120","0","0","0","8","2","0.5","0.5","0","0","0","1","0","0.5","1","0","0",NA,NA,NA,NA,NA,NA,NA,NA,NA,NA,NA,NA,NA,NA,"73",NA,NA,NA,NA,NA,NA,NA,NA,NA,"Y","N",NA,"N",NA,NA,NA
"D1100T","KD","8/20/2018","8/4/2018","A","162945","35.48277","118.34735","58","METASEDIMENTARY","24.9","M","STR","5","KD","0.5","95","5","0.5","0.5",NA,"0.5",NA,"70","60","0","0.5","11","11","1","3","0.5","0.5","0","4","12","4","1","0.5","0","0",NA,NA,NA,NA,NA,NA,NA,NA,NA,NA,NA,NA,NA,NA,"37.2",NA,NA,NA,NA,NA,"SEE TREE DATA","11.8","20.4","SEE TREE DATA","Y","Y","C2","N","U","2 QUKE SIZE CLASS B IN PLOT, NOT ON TRANSECT",NA
"D1100C","KW","1/25/2019","8/4/2018","A","173833","35.48144","118.34780","185","METASEDIMENTARY","7.0","U","STR","5","CM","0","100","0.5","0.5","0.5",NA,"5","30","50","105","0","20","3","2","1","3","0","0","0","2","0","0","0.5","0","2","0",NA,NA,NA,NA,NA,NA,NA,NA,NA,NA,NA,NA,NA,NA,"30.0",NA,NA,NA,NA,NA,"SEE TREE DATA19","19.0","SEE TREE DATA","SEE TREE DATA","N","U","U","N","N","QUKE B-CLASS SEEDLING OFF TRANSECT IN PLOT; PIPJ A-CLASS SEEDLING OF TRANSECT IN PLOT, PLOT MOVED DUE TO SALVAGE OPERATION, MINING LOT ADJACENT TO PLOT AT NORTH, PLOT IS VERY WINDY, WATCHOUT",NA
"E0047I","KD","9/6/2018","8/27/2018","A","165114","39.60979","120.18373","357","GRANITE","28.4","M","STR","5","CM","0","95","5","0.5","0.5",NA,"0.5",NA,"95","90","0","0.5","9","1","4","0","3","1","1","12","2","3","0.5","1","3","4",NA,NA,NA,NA,NA,NA,NA,NA,NA,NA,NA,NA,NA,NA,NA,NA,NA,NA,NA,NA,NA,NA,NA,NA,"Y","Y","U","L","N",NA,NA
"E0041I","KD","9/6/2018","8/27/2018","A","155551","39.60974","120.18544","341","GRANITE","27.2","L","STR","5","KD","0.5","100","0.5","0.5","0.5",NA,"0.5",NA,"90","65","0","0.5","7","3","3","3","2","0.5","0.5","25","2","2","0","2","0","1",NA,NA,NA,NA,NA,NA,NA,NA,NA,NA,NA,NA,NA,NA,NA,NA,NA,NA,NA,NA,NA,NA,NA,NA,"Y","Y","G","L","Y","TRUE FIR SEEDLING PLANTED~20M FROM PLOT CENTER, SALVAGE, MINIMAL-SCATTERED LARGE DIAMETER SALVAGE. NOT ALL BUT SOME RELEASED",NA
"E0040I","KD","9/6/2018","8/27/2018","A","151322","39.60842","120.18546","325","GRANITE","20.7","U","STR","5","AG","0.5","95","5","0.5","0.5",NA,"0.5",NA,"95","70",NA,"0.5","4","5","6","1","2.5","4","4","4","0","5","0.5","2","0","2",NA,NA,NA,NA,NA,NA,NA,NA,NA,NA,NA,NA,NA,NA,NA,NA,NA,NA,NA,NA,NA,NA,NA,NA,"Y","Y","C2","L","N","CUT LOGS AND STUMPS IN PLOT, UNSURE IF PLOT PLANTED, BUT SURROUNDING AREA PLANTED",NA
"C2014T","KD","9/13/2018","9/13/2018","A","084823","39.18064","120.51884","94","IGNEOUS","16.2","M","STR","5","NB","0.5","99","0.5","0.5","0.5",NA,"0.5",NA,"80","110","0","0.5","17","3","5","0.5","0.5","0","0","0","6","5","0.5","0.5","0.5","1",NA,NA,NA,NA,NA,NA,NA,NA,NA,NA,NA,NA,NA,NA,"85.0",NA,NA,NA,NA,NA,NA,NA,NA,NA,"Y","Y","G","N","Y","BROWING, PLANTED CADE NEAR PLOT. DEAD, PLANTED PIPJ NEAR PLOT.",NA
"C2014C","KD","9/13/2018","9/13/2018","A","080359","39.18061","120.51991","98","IGNEOUS","13.7","M","STR","5","KD, NB","0.5","90","10","0.5","0.5",NA,"0",NA,"85","76","0","0.5","7","3","6","3","1","0.5","0.5","4","8","14","2","3","2","3",NA,NA,NA,NA,NA,NA,NA,NA,NA,NA,NA,NA,NA,NA,"78.4",NA,NA,NA,NA,NA,NA,NA,NA,NA,"Y","N",NA,"N",NA,NA,NA
"C2015T","KD","9/13/2018","9/12/2018","A","152824","39.19119","120.51620","334","METASEDIMENTARY","13.5","R","STR","5","KD","0.5","100","0.5","0.5","0.5",NA,"0.5",NA,"65","60","0","0.5","19","4","1","0","0","0","0","18","1","4","1","3","0","1",NA,NA,NA,NA,NA,NA,NA,NA,NA,NA,NA,NA,NA,NA,"191.0",NA,NA,NA,NA,NA,NA,NA,NA,NA,"Y","Y","U","N","U","ROCKY TOP SOIL LAYER. A&B CLASS PSMES IN PLOT, OFF TRANSECT. B CLASS SEGI, LIKELY PLANTED, NEARLY DEAD- IN PLOT. PLANTED CADE JUST OUTSIDE PLOT.",NA
"C2015C","KD","9/13/2018","9/12/2018","A","144943","39.19184","120.51678","15","METASEDIMENTARY","26.5","U","CAV","5","NB","15","80","5","0.5","0.5",NA,"0.5",NA,"30","45","0","0.5","18","9","7","0.5","1","0.5","0.5","10","2","3","0.5","0.5","0","1",NA,NA,NA,NA,NA,NA,NA,NA,NA,NA,NA,NA,NA,NA,"96",NA,NA,NA,NA,NA,NA,NA,NA,NA,"Y","N",NA,"N",NA,"PLOT IS TOTALLY GNARLY, BRO, U SHOULD TOTALLY CHECK IT OUT (SEE PHOTO). PSME CLASS A IN PLOT, OFF TRANSECT. ABCO CLASS B IN PLOT, OFF TRANSECT.",NA
"C2011C","KD","9/13/2018","9/12/2018","A","121303","39.18858","120.52187","305","METASEDIMENTARY","19.7","M","VEX","5","KD, NB","15","85","0.5","0.5","0.5",NA,"0.5",NA,"50","40","0","0.5","1","0","0","0","0","0","0","8","1","0","1","3","0","0",NA,NA,NA,NA,NA,NA,NA,NA,NA,NA,NA,NA,NA,NA,"255",NA,NA,NA,NA,NA,NA,NA,NA,NA,"Y","U","U","N","N","DRY GULLY, RUNS N/S ON WESTERN SIDE OF PLOT. ABMA SIZE CLASS A IN PLOT, NOT ON TRANSECT, PREFIRE CADE ~20M FROM PC.",NA
"C2012C","KD","9/13/2018","9/12/2018","A","102209","39.18936","120.52131","347","METASEDIMENTARY","22.9","M","STR","5","NB, KD","0.5","95","5","0.5","0.5",NA,"0.5",NA,"80","85","0","0.5","2","3","8","10","4","1","0.5","8","6","4","0","2","0","2",NA,NA,NA,NA,NA,NA,NA,NA,NA,NA,NA,NA,NA,NA,"198",NA,NA,NA,NA,NA,NA,NA,NA,NA,"N","U",NA,"N",NA,"PLOT MOVED DUE TO ROCKY OUTCROP",NA
"C2013C","KD","9/13/2018","9/12/2018","A","091659","39.18925","120.52095","351","METASEDIMENTARY/IGNEOUS","16.5","M","CAV","5","KD","5","90","5","0.5","5","35","0.5",NA,"80","95","0","0.5","20","7","2","2","2","3","1","11","1","0","2","1","2","0.5",NA,NA,NA,NA,NA,NA,NA,NA,NA,NA,NA,NA,NA,NA,"283",NA,NA,NA,NA,NA,NA,NA,NA,NA,"Y","N",NA,"N",NA,"DRY GULLY RUNNING THOUGH PLOT- NO RIPARIAN VEGETATION. A CLASS ABMA IN PLOT OFF TRANSECT",NA
"C2010T","KD","9/13/2018","9/11/2018","A","103915","39.19801","120.52734","167","METASEDIMANTARY","21.2","U","STR","5","KD, NB","0","80","20","0.5","0.5",NA,"0.5",NA,"80","118","0","5","12","3","2","0","2","0","0","10","6","5","0.5","0","0","0",NA,NA,NA,NA,NA,NA,NA,NA,NA,NA,NA,NA,NA,NA,"53.0",NA,NA,NA,NA,NA,NA,NA,NA,NA,"Y","Y","C3","N","Y","A CLASS PIPJ- 5 BUD SCARS, POSSIBLY SEEDED, POSSIBLY AS OLD AS PLANTED ONES. BLACK OAK- NOT SEEDING ~40M AWAY FROM PLOT CENTER.",NA
"C1040C","KD","9/13/2018","9/11/2018","A","082205","39.18004","120.52007","111","IGNEOUS","15.1","M","STR","5","DY","0.5","90","10","0.5","0.5",NA,"0.5",NA,"80","65","0","0","5","8","6","0.5","0.5","2","2","7","3","4","1","3","0","1",NA,NA,NA,NA,NA,NA,NA,NA,NA,NA,NA,NA,NA,NA,"138",NA,NA,NA,NA,NA,NA,NA,NA,NA,"Y","N",NA,"N",NA,"PROBABLE PLANTING ~70M SW",NA
"E0038I","KD","9/13/2018","8/28/2018","A","145529","39.60574","120.18548","352","IGNEOUS","25.7","M","STR","5","NB","0.5","90","10","0.5","0.5",NA,"0.5",NA,"100","135","0","0.5","10","0","0","5","4","12","8","7","2","0","2","3","5","8",NA,NA,NA,NA,NA,NA,NA,NA,NA,NA,NA,NA,NA,NA,NA,NA,NA,NA,NA,NA,NA,NA,NA,NA,"Y","Y","G","L","N","HELI SALVAGE.",NA
"E0032T","KD","9/13/2018","8/28/2018","A","140807","39.60574","120.18722","329","IGNEOUS","12.9","U","STR","5","KD","0.5","100","0.5","0.5","20","60","5","70","60","65","0","0.5","6","0","1","2","0.5","1","0","3","2","5","0","1","0.5","0",NA,NA,NA,NA,NA,NA,NA,NA,NA,NA,NA,NA,NA,NA,NA,NA,NA,NA,NA,NA,NA,NA,NA,NA,"Y","Y","C3","L","U","HELI SALVAGE.",NA
"E0044I","KD","9/13/2018","8/28/2018","A","115442","39.60570","120.18372","341","IGNEOUS","19.9","M","STR","5","CM","0.5","95","5","0.5","0.5",NA,"0.5",NA,"90","60","0","0.5","11","0","1","0","1","0","2","7","0","0","0.5","2","0","6",NA,NA,NA,NA,NA,NA,NA,NA,NA,NA,NA,NA,NA,NA,NA,NA,NA,NA,NA,NA,NA,NA,NA,NA,"Y","Y","G","L","Y","ROTTING SNAG ADJACENT TO N TRANSECT. SOME LOOK VERY RELEASED, OTHERS DONT",NA
