"FIRE_YEAR","FIRE_NAME","VB_ID","NUM_ASSESS","NIFMID_LNK","AGENCY","ICS_CODE","EDIT_DATE"
"1985"," ","1985USF0507198500000A",1,"USF0507198500000A","USF","LPF",20080516
"1985"," ","1985USF0507198500000B",1,"USF0507198500000B","USF","LPF",20080516
"1985"," ","1985USF05071985000999",2,"USF05071985000999","USF","LPF",20120821
"1985","1985CACCD0000J913","1985CACCD0000J913",1,"BLM0500198500J913","BLM","CCD",20040719
"1985","1985CAENF00000066","1985CAENF00000066",1,"USF05031985000066","USF","ENF",20040719
"1985","1985CAINF00000070","1985CAINF00000070",1,"USF05041985000070","USF","INF",20041004
"1985","1985CAINF00005307","1985CAINF00005307",1,"USF05041985005307","USF","INF",20041004
"1985","1985CALNF00000031","1985CALNF00000031",1,"USF05061985000031","USF","LNF",20110414
"1985","1985CALNF00000069","1985CALNF00000069",1,"USF05061985000069","USF","LNF",20110414
"1985","8 MILE","19858MILE",1,"CDF05001985000459","CDF","AEU",20040719
"1985","ADELAIDE","1985ADELAIDE",1,"USF05131985000002","USF","SQF",20080515
"1985","BACKBONE","1985BACKBONE",1,"CDF05001985000087","CDF","FKU",20041019
"1985","BARTLETT","1985BARTLETT",1,"NPS05001985000035","NPS","YNP",20040813
"1985","BIG CREEK","1985BIG_CREEK",1,"USF05151985000022","USF","SNF",20041004
"1985","BUCK","1985BUCK",1,"NPS05001985000080","NPS","YNP",20040816
"1985","CABANZO","1985CABANZO",1,"USF05121985000077","USF","BDF",20080515
"1985","DELTA","1985DELTA",1,"USF05141985000105","USF","SHF",20070601
"1985","DOUGHERTY","1985DOUGHERTY",1,"NPS05001985000007","NPS","KNP",20140506
"1985","FERNDALE","1985FERNDALE",1,"USF05071985000048","USF","LPF",20080515
"1985","GORDA-RAT","1985GORDA_RAT",2,"USF05071985000030","USF","LPF",20120821
"1985","KENDRICK","1985KENDRICK",1,"NPS05001985000034","NPS","YNP",20040813
"1985","LAS PILITAS","1985LAS_PILITAS",1,"CDF05001985000264","CDF","SLU",20080515
"1985","LOST BEAR","1985LOST_BEAR",1,"NPS05001985000067","NPS","YNP",20040813
"1985","MAMMOTH","1985MAMMOTH",1,"USF05151985000038","USF","SNF",20041004
"1985","OWENS","1985OWENS",1,"CDF05001985000083","CDF","BDU",20080516
"1985","PATE VALLEY","1985PATE_VALLEY",1,"NPS05001985000024","NPS","YNP",20040813
"1985","RICH BAR","1985RICH_BAR",1,"USF05131985000021","USF","SQF",20080515
"1985","RIVER","1985RIVER",1,"USF05161985000125","USF","STF",0
"1985","SECO","1985SECO",2,"CDF05001985000188","CDF","BEU",20080516
"1985","SUGARLOAF","1985SUGARLOAF",1,"NPS05001985000042","NPS","KNP",20140624
"1985","SUMMIT","1985SUMMIT",1,"USF05161985000112","USF","STF",20040719
"1985","TRELOAR COMPLEX","1985TRELOAR_CMPLX",1,"USF05141985000205","USF","SHF",20070601
"1985","WHEELER #2","1985WHEELER2",1,"CCO05001985000459","CCO","VNC",20080515
"1985","WIZARD","1985WIZARD",1,"USF05071985000017","USF","LPF",20080515
"1986"," ","1986USF0502198600000A",1,"USF0502198600000A","USF","CNF",20080516
"1986","1986CAENF00000082","1986CAENF00000082",1,"USF05031986000082","USF","ENF",20040213
"1986","1986CATOI00000029","1986CATOI00000029",1,"USF05211986000029","USF","TOI",20040213
"1986","BALDY","1986BALDY",1,"NPS05001986000043","NPS","KNP",20140612
"1986","BOTTCHER","1986BOTTCHER",1,"USF05071986000044","USF","LPF",20080516
"1986","CAMP CREEK","1986CAMP_CREEK",1,"NPS05001986000022","NPS","KNP",20140612
"1986","CAPITAN","1986CAPITAN",1,"USF05021986000034","USF","CNF",20080516
"1986","CASCADE CREEK","1986CASCADE_CREEK",1,"NPS05001986000029","NPS","YNP",20040816
"1986","DEER","1986DEER",1,"USF05151986000086","USF","SNF",20041004
"1986","ELEANOR","1986ELEANOR",1,"NPS05001986000052","NPS","YNP",20040816
"1986","GLACIER POINT","1986GLACIER_POINT",1,"NPS05001986000016","NPS","YNP",20040816
"1986","RIVERSIDE","1986RIVERSIDE",1,"USF05161986000023","USF","STF",0
"1986","SAN FRANCISQUITO FIRE","1986SAN_FRANCISQUITO",1,"CCO05001986000486","CCO","LAC",20080516
"1986","SLATE","1986SLATE",1,"USF05171986000013","USF","TNF",0
"1986","SYCAMORE","1986SYCAMORE",1,"USF05151986000040","USF","SNF",0
"1986","TECALOTE","1986TECALOTE",1,"USF05011986000046","USF","ANF",20080525
"1986","W TURNER","1986W_TURNER",1,"NPS05001986000027","NPS","YNP",20040816
"1987"," ","1987USF05141987000282",1,"USF05141987000282","USF","SHF",20070601
"1987"," ","1987USF0515198700000A",1,"USF0515198700000A","USF","SNF",20080520
"1987","1987CATOI00000119","1987CATOI00000119",1,"USF05211987000119","USF","TOI",20040213
"1987","ASSIST P.N.F.","1987ASSIST_PNF",1,"CDF05001987000513","CDF","LMU",20070601
"1987","BEAR","1987BEAR",1,"USF05141987000289","USF","SHF",20070308
"1987","BEARCAT","1987BEARCAT",1,"USF05051987000246","USF","KNF",20070330
"1987","BETTY BLAKE","1987BETTY_BLAKE",1,"NPS05001987000080","NPS","YNP",20040816
"1987","BIG","1987BIG",2,"USF05171987000207","USF","TNF",20040213
"1987","BLAKE","1987BLAKE",1,"USF05101987000047","USF","SRF",20070601
"1987","CAMPGROUND","1987CAMPGROUND",1,"NPS05001987000073","NPS","YNP",20040816
"1987","CEDAR","1987CEDAR",1,"USF05091987000217","USF","MDF",20070307
"1987","CHAWANAKEE","1987CHAWANAKEE",1,"USF05151987000087","USF","SNF",20041005
"1987","CHINA","1987CHINA",1,"USF05151987000187","USF","SNF",20041005
"1987","CHINA","1987CHINA_KNF",2,"USF05051987000307","USF","KNF",20070601
"1987","CHINA","1987CHINA_SHF",1,"USF05141987000300","USF","SHF",20070308
"1987","CLAVEY 87 CMPLX","1987CLAVEY_CMPLX",1,"USF05161987000226","USF","STF",0
"1987","COLD","1987COLD",1,"USF05141987000284","USF","SHF",20070604
"1987","DOE","1987DOE",1,"USF05141987000221","USF","SHF",20070604
"1987","DOG CREEK","1987DOG_CREEK",1,"NPS05001987000055","NPS","KNP",20140612
"1987","EAST","1987EAST",1,"USF05141987000293","USF","SHF",20070604
"1987","ELK LICK","1987ELK_LICK",1,"USF05051987000276","USF","KNF",20070601
"1987","EVER","1987EVER",1,"USF05161987000156","USF","STF",20041005
"1987","FAY","1987FAY",1,"USF05131987000190","USF","SQF",20080516
"1987","FISH","1987FISH",1,"USF05071987000104","USF","LPF",20080516
"1987","FLUME","1987FLUME",1,"USF05141987000290","USF","SHF",20070604
"1987","FORT COPPER","1987FORT_COPPER",2,"USF05051987000245","USF","KNF",20070313
"1987","FOUTS","1987FOUTS",1,"USF05081987000037","USF","MNF",20080516
"1987","FRIENDLY","1987FRIENDLY",1,"USF05141987000283","USF","SHF",20070604
"1987","FROG","1987FROG",1,"NPS05001987000069","NPS","YNP",20040816
"1987","GLASGOW","1987GLASGOW",2,"USF05051987000223","USF","KNF",20070601
"1987","GLEN AULIN","1987GLEN_AULIN",1,"NPS05001987000138","NPS","YNP",20040816
"1987","GULCH","1987GULCH_KNF",2,"USF05051987000304","USF","KNF",20070601
"1987","GULCH","1987GULCH_SHF",1,"USF05141987000285","USF","SHF",20070604
"1987","HALSTEAD3","1987HALSTEAD3",1,"NPS05001987000032","NPS","KNP",20140506
"1987","HAMM 87 CMPLX","1987HAMM_CMPLX",1,"USF05161987000214","USF","STF",20041230
"1987","HASLOE 87 CMPLX","1987HASLOE_CMPLX",1,"USF05161987000213","USF","STF",20041230
"1987","HIGHROCK","1987HIGHROCK",1,"USF05091987000217","USF","MDF",20070601
"1987","HOTELLING","1987HOTELLING",2,"USF05051987000224","USF","KNF",20070601
"1987","INDIAN","1987INDIAN",1,"USF05171987000168","USF","TNF",20070604
"1987","JARREL","1987JARREL",1,"USF05161987000237","USF","STF",20041005
"1987","JEEP","1987JEEP",1,"USF05121987000000","USF","BDF",20080520
"1987","JESSIE","1987JESSIE",1,"USF05141987000286","USF","SHF",20070604
"1987","KELSEY","1987KELSEY",2,"USF05051987000273","USF","KNF",20070601
"1987","KING TITUS","1987KING_TITUS",2,"USF05051987000314","USF","KNF",20070601
"1987","LAKE","1987LAKE",2,"USF05051987000318","USF","KNF",20070329
"1987","LARSON 87 CMPLX","1987LARSON_CMPLX",1,"USF05161987000215","USF","STF",20041230
"1987","LAUDER","1987LAUDER",1,"CDF05001987000367","CDF","MEU",20080723
"1987","LAUREL","1987LAUREL",1,"USF05041987000089","USF","INF",20041005
"1987","LAZYMAN","1987LAZYMAN",1,"USF05141987000261","USF","SHF",20070308
"1987","LIGHTNING #120 (CRANK)","1987LIGHTNING120",1,"CDF05001987000273","CDF","LMU",20070601
"1987","LOST","1987LOST",1,"USF05061987000115","USF","LNF",20070601
"1987","LOST BEAR","1987LOST_BEAR",1,"NPS05001987000083","NPS","YNP",20040816
"1987","MAMMOTH","1987MAMMOTH",1,"USF05041987000067","USF","INF",20110414
"1987","MENDENHALL","1987MENDENHALL",1,"CDF05001987000311","CDF","MEU",20080516
"1987","NIELON","1987NIELON",2,"USF05051987000284","USF","KNF",20070601
"1987","PALMER","1987PALMER",1,"USF05171987000176","USF","TNF",20040213
"1987","PALOMAR","1987PALOMAR",1,"CDF05001987000955","CDF","MVU",20080520
"1987","PAPER","1987PAPER",1,"CDF05001987000750","CDF","TCU",20041230
"1987","PAPER 87 CMPLX","1987PAPER_CMPLX",1,"USF05161987000226","USF","STF",20041230
"1987","PEANUT","1987PEANUT",1,"USF05141987000281","USF","SHF",20070604
"1987","PIERCE","1987PIERCE",1,"CDF05131987000182","CDF","TUU",20110414
"1987","PLUMAS NF #531 (CLARK)","1987CLARK",1,"CDF05001987000511","CDF","BTU",20080520
"1987","QUAKING","1987QUAKING",1,"USF05091987000181","USF","MDF",20070307
"1987","RIPSTEIN","1987RIPSTEIN",1,"USF05141987000298","USF","SHF",20070308
"1987","RIVER II","1987RIVER",1,"USF05161987000181","USF","STF",20041230
"1987","RUBY FIRE","1987RUBY",1,"CCO05001987004287","CCO","LAC",20080520
"1987","SAINT CLAIRE","1987SAINT_CLAIRE",2,"USF05051987000220","USF","KNF",20070601
"1987","SILVERADO","1987SILVERADO",1,"USF05021987000100","USF","CNF",20080520
"1987","SLATER","1987SLATER",2,"USF05051987000313","USF","KNF",20070601
"1987","SLIDES","1987SLIDES",1,"USF05081987000042","USF","MNF",20070308
"1987","SNAG COMPLEX","1987SNAG_CMPLX",1,"NPS05001987000000","NPS","LNP",20140506
"1987","STRAUSE","1987STRAUSE",1,"USF05141987000302","USF","SHF",20070604
"1987","TEN BALD","1987TEN_BALD",2,"USF05051987000278","USF","KNF",20070330
"1987","THOMPSON","1987THOMPSON",2,"USF05051987000306","USF","KNF",20070601
"1987","TRAVIS","1987TRAVIS",1,"USF05101987000050","USF","SRF",20070601
"1987","TRINITY","1987TRINITY",1,"USF05141987000288","USF","SHF",20070604
"1987","TRUCK","1987TRUCK",1,"USF05121987000000","USF","BDF",20080520
"1987","WALLOW","1987WALLOW",1,"USF05141987000291","USF","SHF",20070604
"1987","YELLOW #2","1987YELLOW2",1,"USF05051987000217","USF","KNF",20070601
"1988"," ","1988USF0507198800000A",1,"USF0507198800000A","USF","LPF",20080520
"1988"," ","1988USF05131988000061",1,"USF05131988000061","USF","SQF",20080520
"1988"," ","1988USF05131988000066",1,"USF05131988000066","USF","SQF",20080520
"1988"," ","1988USF05131988000074",1,"USF05131988000074","USF","SQF",20080520
"1988"," ","1988USF05131988000087",1,"USF05131988000087","USF","SQF",20080520
"1988","1988CAINF00005323","1988CAINF00005323",1,"USF05041988005323","USF","INF",0
"1988","1988CALNF00000155","1988CALNF00000155",1,"USF05061988000155","USF","LNF",20110516
"1988","1988CAPNF00000282","1988CAPNF00000282",1,"USF05111988000282","USF","PNF",20110414
"1988","1988NVTOI00000135","1988NVTOI00000135",1,"USF05211988000135","USF","TOI",20040108
"1988","ALASKA","1988ALASKA",1,"NPS05001988000088","NPS","YNP",20040819
"1988","ANITA","1988ANITA",1,"NPS05001988000139","NPS","YNP",20040819
"1988","BACKBONE","1988BACKBONE",1,"CDF05001988000150","CDF","FKU",20041006
"1988","BRIDGE","1988BRIDGE",1,"CDF05001988000546","CDF","TCU",20040108
"1988","BUCKEYE","1988BUCKEYE",1,"NPS05001988000140","NPS","KNP",20140506
"1988","BURNEY FIRE","1988BURNEY",1,"CDF05001988000320","CDF","LMU",20070309
"1988","CAMP","1988CAMP",1,"USF05171988000036","USF","LPF",20080520
"1988","CLEARHOUSE","1988CLEARINGHOUSE",1,"USF05161988000046","USF","STF",20041006
"1988","DESK","1988DESK",1,"USF05151988000183","USF","SNF",20041006
"1988","DIVIDE FIRE","1988DIVIDE",1,"CCO05001988000088","CCO","LAC",20080520
"1988","EAST LECONTE","1988EAST_LECONTE",1,"NPS05001988000011","NPS","YNP",20040816
"1988","ECHO","1988ECHO",1,"NPS05001988000015","NPS","YNP",20040819
"1988","EDSON","1988EDSON",1,"NPS05001988000082","NPS","YNP",20041018
"1988","EL PORTAL","1988EL_PORTAL",1,"USF05151988000187","USF","SNF",20041006
"1988","ELBOW","1988ELBOW",1,"NPS05001988000075","NPS","YNP",20040819
"1988","FAWN","1988FAWN",1,"USF05151988000191","USF","SNF",20041006
"1988","GARNET","1988GARNET",1,"USF05151988000248","USF","SNF",20041006
"1988","GRAPEVINE","1988GRAPEVINE",1,"CDF05001988000002","CDF","TGU",20070314
"1988","HAVILAH","1988HAVILAH",1,"USF05131988000157","USF","SQF",20080520
"1988","HERMIT","1988HERMIT",1,"USF05141988000227","USF","SHF",20070605
"1988","HORIZON","1988HORIZON",1,"NPS05001988000049","NPS","YNP",20040819
"1988","LAKE","1988LAKE",1,"USF05151988000037","USF","SNF",0
"1988","LETTS","1988LETTS",1,"USF05081988000050","USF","MNF",20080520
"1988","LIGHTNING #97 (BISON)","1988LIGHTNING97",1,"CDF05001988000257","CDF","LMU",20070307
"1988","MIDDLE FORK","1988MIDDLE_FORK",1,"USF05161988000152","USF","STF",0
"1988","OBELISK","1988OBELISK",1,"USF05151988000124","USF","SNF",20041021
"1988","POWDERHOUSE","1988POWDERHOUSE",1,"USF05081988000042","USF","MNF",20070605
"1988","QUARTZITE","1988QUARTZITE",1,"NPS05001988000122","NPS","YNP",20040819
"1988","RENNER","1988RENNER",1,"USF05091988000166","USF","MDF",20110414
"1988","SIMPSON","1988SIMPSON",1,"NPS05001988000059","NPS","KNP",20041006
"1988","TEXAS","1988TEXAS",1,"CDF05001988000000","CDF","BDU",20080520
"1988","TOMBSTONE","1988TOMBSTONE",1,"NPS05001988000002","NPS","KNP",20140612
"1988","USFS ASSIST 3","1988USFS_ASSIST3",1,"CDF05171988200191","CDF","NEU",20040723
"1988","VERN","1988VERN",1,"NPS05001988000140","NPS","YNP",20040819
"1988","WALKER","1988WALKER",1,"NPS05001988000014","NPS","YNP",20040819
"1989"," ","1989USF05121989000053",1,"USF05121989000053","USF","BDF",20080521
"1989","1989CATOI00000067","1989CATOI00000067",1,"USF05211989000067","USF","TOI",20040108
"1989","BALCH","1989BALCH",1,"USF05151989000076","USF","SNF",20041006
"1989","BURROUGH","1989BURROUGH",1,"USF05151989000065","CDF","FKU",20041006
"1989","COOK","1989COOK",1,"CDF05001989000299","CDF","LNU",20080521
"1989","EAGLE","1989EAGLE",1,"CDF05001989000057","CDF","LMU",20080521
"1989","LAYMAN","1989LAYMAN",1,"USF05111989000100","USF","PNF",20070605
"1989","MATEO","1989MATEO",1,"USF05021989000055","USF","CNF",20080520
"1989","MOLERA #2","1989MOLERA2",2,"CDF05001989000206","CDF","BEU",20080520
"1989","ORTEGA","1989ORTEGA",1,"USF05021989000025","USF","CNF",20080520
"1989","PACY","1989PACY",1,"CDF05001989000018","CDF","LAC",20100518
"1989","POWDERHOUSE","1989POWERHOUSE",1,"USF05151989000074","USF","SNF",20041006
"1989","RACK","1989RACK",1,"USF05111989000020","USF","PNF",20080520
"1989","SAN FRAN FIRE","1989SAN_FRAN",1,"CCO05001989000089","CCO","LAC",20080520
"1989","THING #2","1989THING2",1,"USF05021989000027","USF","CNF",20080520
"1989","VAIL","1989VAIL",1,"CDF05001989000000","CDF","RRU",20080521
"1990","1990CALNF00000109","1990CALNF00000109",1,"USF05061990000109","USF","LNF",20110516
"1990","1990CATOI00000094","1990CATOI00000094",1,"USF05211990000094","USF","TOI",20040108
"1990","1990CATOI00000109","1990CATOI00000109",1,"USF05211990000109","USF","TOI",20040108
"1990","A-ROCK","1990A_ROCK",1,"NPS05001990000079","NPS","YNP",20040820
"1990","AVALANCHE","1990AVALANCHE",1,"NPS05001990000030","NPS","KNP",20140506
"1990","BEAR","1990BEAR",1,"CDF05001990000503","CDF","SHU",20070309
"1990","BEDFORD","1990BEDFORD",1,"USF05021990000009","USF","CNF",20080521
"1990","BUTTES","1990BUTTES",1,"USF05171990000090","USF","TNF",20040108
"1990","CAMPBELL","1990CAMPBELL",1,"CDF05001990000150","CDF","TGU",20070309
"1990","COTTONWOOD","1990COTTONWOOD",1,"CDF05001990000700","CDF","TCU",0
"1990","CROWDER MOUNTAIN","1990CROWDER_MTN",1,"USF05091990000039","USF","MDF",20070307
"1990","DAY","1990DAY",1,"USF05061990000107","USF","LNF",20070620
"1990","FINLEY","1990FINLEY",1,"USF05061990000078","USF","LNF",20070309
"1990","FROG #2","1990FROG2",1,"NPS05001990000085","NPS","YNP",20040820
"1990","GREENHORN","1990GREENHORN",1,"USF05111990000023","USF","PNF",20110414
"1990","KIRCH","1990KIRCH",1,"USF05151990000099","USF","SNF",20041006
"1990","LAUREL LAKE 2","1990LAUREL_LAKE2",1,"NPS05001990000091","NPS","YNP",20040820
"1990","LILLY","1990LILY",1,"USF05151990000121","USF","SNF",20041006
"1990","LONG VALLEY","1990LONG_VALLEY",1,"CDF05141990000570","CDF","SHU",20110414
"1990","PAINT","1990PAINT",1,"USF05071990000024","USF","LPF",20080521
"1990","PIUTE","1990PIUTE",1,"NPS05001990000086","NPS","YNP",20040820
"1990","RECER","1990RECER",1,"USF05081990000022","USF","MNF",20070309
"1990","SAVAGE","1990SAVAGE",1,"USF05151990000209","USF","SNF",20041006
"1990","STEAMBOAT","1990STEAMBOAT",1,"NPS05001990000069","NPS","YNP",20040820
"1990","STORMY","1990STORMY",1,"USF05131990000076","USF","SQF",20080521
"1990","T-GROVE 4","1990T_GROVE4",1,"NPS05001990000080","NPS","YNP",20040820
"1990","WALKER","1990WALKER",1,"USF05111990000079","USF","PNF",20070620
"1991","1991CAENF000012A2","1991CAENF000012A2",1,"USF05031991000012","USF","ENF",20040108
"1991","1991NVTOI00000091","1991NVTOI00000091",1,"USF05211991000091","USF","TOI",20040108
"1991","BEAR","1991BEAR",1,"USF05081991000005","USF","MNF",20080602
"1991","DEER CREEK","1991DEER_CREEK",1,"NPS05001991000081","NPS","KNP",20140612
"1991","FROG","1991FROG",1,"NPS05001991000081","NPS","YNP",20040820
"1991","ILL","1991ILL",1,"NPS05001991000086","NPS","YNP",20040820
"1991","LION","1991LION",1,"USF05071991000049","USF","LPF",20080602
"1991","MOORE","1991MOORE",1,"USF05161991000003","USF","STF",20040108
"1991","ROCK","1991ROCK",1,"USF05141991000237","USF","SHF",20070309
"1991","STOCKTON","1991STOCKTON",1,"USF05121991000145","USF","BDF",20080725
"1992"," ","1992USF05071992000032",2,"USF05071992000032","USF","LPF",20120815
"1992","1992CATOI00000160","1992CATOI00000160",1,"USF05211992000160","USF","TOI",20040108
"1992","ABERDEEN","1992ABERDEEN",1,"USF05041992005321","USF","INF",20041007
"1992","BARKER","1992BARKER",1,"USF05141992000335","USF","SHF",20070309
"1992","CALLBOX","1992CALLBOX",1,"USF05131992000020","USF","SQF",20080602
"1992","CHAGOOPA","1992CHAGOOPA",1,"NPS05001992000041","NPS","KNP",20140612
"1992","CLEVELAND","1992CLEVELAND",1,"USF05031992000127","USF","ENF",20040108
"1992","DAY FIRE","1992DAY",1,"CDF05141992000000","CDF","LMU",20110414
"1992","DEVIL FIRE","1992DEVIL",1,"CCO05001992000009","CCO","LAC",20080602
"1992","DOME","1992DOME",1,"NPS05001992000061","NPS","YNP",20040820
"1992","FOUNTAIN","1992FOUNTAIN",1,"CDF05001992000588","CDF","SHU",20070309
"1992","GULCH FIRE","1992GULCH",1,"CDF05001992000778","CDF","TCU",20040108
"1992","ITALIAN","1992ITALIAN",1,"USF05151992000130","USF","SNF",20041007
"1992","LOVELAND","1992LOVELAND",1,"CDF050019920019.0","CDF","MVU",20080602
"1992","MUD FIRE","1992MUD",1,"CDF05061992000281","CDF","LMU",20110414
"1992","OSTRANDER","1992OSTRANDER",1,"NPS05001992000124","NPS","YNP",20040820
"1992","RAINBOW","1992RAINBOW",1,"USF05041992000087","USF","INF",20041007
"1992","RATTLESNAKE","1992RATTLESNAKE",1,"NPS05001992000042","NPS","KNP",20140612
"1992","RUBY","1992RUBY",1,"USF05161992000087","USF","STF",20040108
"1992","SECO","1992SECO",2,"USF05071992000026","USF","LPF",20080602
"1993","1993CAINF00000035","1993CAINF00000035",1,"USF05041993000035","USF","INF",20041007
"1993","BACKBONE","1993BACKBONE",1,"CDF05001993000136","CDF","FKU",20041007
"1993","BODEN","1993BODEN",1,"USF05021993000006","USF","CNF",20080602
"1993","BUCK PEAK","1993BUCK_PEAK",1,"NPS05001993000018","NPS","KNP",20140612
"1993","EAGLE","1993EAGLE",1,"CDF05001993000208","CDF","MVU",20080602
"1993","GUEJIUTO","1993GUEJIUTO",1,"CDF05001993001007","CDF","MVU",20080602
"1993","KINNELOA FIRE","1993KINNELOA",1,"CCO05001993000045","CCO","LAC",20080602
"1993","MARRE","1993MARRE",1,"USF05071993000036","USF","LPF",20080603
"1993","ORTEGA","1993ORTEGA",2,"CCO05001993036746","CCO","ORC",20080602
"1993","REPPLIER","1993REPPLIER",1,"CDF05001993001754","CDF","RRU",20080603
"1993","ROAD","1993ROAD",1,"USF05031993000003","USF","ENF",20040108
"1993","WHEEL","1993WHEEL",1,"USF05071993000043","USF","LPF",20080603
"1993","WHITE DEER","1993WHITE_DEER",1,"USF05131993000031","USF","SQF",20041007
"1993","WILLOW","1993WILLOW",1,"NPS05001993000061","NPS","KNP",20140612
"1994"," ","1994USF0507199400000A",1,"USF0507199400000A","USF","LPF",20080604
"1994"," ","1994USF0512199400000A",1,"USF0512199400000A","USF","BDF",20080604
"1994","BARKLEY","1994BARKLEY",1,"CDF05001994000257","CDF","TGU",20070309
"1994","BEAR","1994BEAR",1,"USF05051994000036","USF","KNF",20070620
"1994","BIG CREEK","1994BIG_CREEK",1,"USF05151994000099","USF","SNF",20041007
"1994","BROKEN","1994BROKEN",1,"USF05161994000055","USF","STF",0
"1994","COTTONWOOD","1994COTTONWOOD",1,"USF05171994000042","USF","TNF",20040108
"1994","CREEK","1994CREEK",1,"CDF05001994000678","CDF","TCU",20041230
"1994","CRYSTAL","1994CRYSTAL",1,"USF05171994000034","USF","TNF",20040108
"1994","DEVILS","1994DEVILS",1,"USF05121994000097","USF","BDF",20080603
"1994","DOYLE","1994DOYLE",1,"BLM0500199400D275","BLM","CCD",20080604
"1994","ESPERANZA","1994ESPERANZA",1,"CDF05001994000000","CDF","RRU",20080604
"1994","FOUR LANE","1994FOUR_LANE",1,"CDF05001994000186","CDF","FKU",20041007
"1994","GARLIC","1994GARLIC",1,"USF05151994000041","USF","SNF",20041007
"1994","HIRSCHDALE","1994HIRSCHDALE",1,"USF05171994000039","USF","TNF",20040108
"1994","HORIZON","1994HORIZON",1,"NPS05001994000071","NPS","YNP",20040820
"1994","HWY 41","1994HWY41",1,"CDF05001994000364","CDF","SLU",20080604
"1994","JACK #1","1994JACK1",1,"USF05051994000113","USF","KNF",20070409
"1994","KELSEY","1994KELSEY",1,"CDF05001994000383","CDF","AEU",20040108
"1994","KERN","1994KERN",1,"USF05131994000004","USF","SQF",20110414
"1994","LUCAS #4","1994LUCAS4",1,"USF05131994000040","USF","SQF",20080603
"1994","PALM","1994PALM",1,"USF05121994000071","USF","BDF",20080603
"1994","PEAK","1994PEAK",1,"USF05131994000035","USF","SQF",20080603
"1994","POWERHOUSE #2","1994POWERHOUSE2",1,"USF05151994000088","USF","SNF",0
"1994","SCOUT","1994SCOUT",1,"USF05011994000065","USF","ANF",20080725
"1994","SECATA","1994SECATA",1,"USF05151994000103","USF","SNF",0
"1994","SECOND","1994SECOND",1,"USF05021994000016","USF","CNF",20080603
"1994","SHOOTING FIRE","1994SHOOTING",1,"CCO05001994000007","CCO","LAC",20080603
"1994","SPECIMEN","1994SPECIMEN",1,"USF05051994000170","USF","KNF",20070620
"1994","SUGARFOOT","1994SUGARFOOT",1,"USF05081994000011","USF","MNF",20070620
"1994","WHITE BLANKET","1994WHITE_BLANKET",1,"USF05131994000030","USF","SQF",20080603
"1994","WILLOW","1994WILLOW",1,"USF05121994000185","USF","BDF",20080604
"1995","APACHE","1995APACHE",1,"USF05121995000172","USF","BDF",20080604
"1995","BLUFF","1995BLUFF",1,"CDF05001995001738","CDF","RRU",20080604
"1995","BUTTERFIELD","1995BUTTERFIELD",1,"USF05021995000010","USF","CNF",20080604
"1995","CASTLE WF","1995CASTLE",1,"NPS05001995000079","NPS","KNP",20140506
"1995","CROWDER","1995CROWDER",1,"USF05121995000000","USF","BDF",20080604
"1995","EL MONTE","1995EL_MONTE",1,"USF05021995000045","USF","CNF",20080604
"1995","HELESTER","1995HELESTER",1,"USF05171995000022","USF","TNF",0
"1995","MEEKS","1995MEEKS",1,"USF05191995000054","USF","TMU",20031216
"1995","MILL","1995MILL",1,"USF05031995000049","USF","ENF",20040108
"1995","POLE","1995POLE",1,"USF05041995000379","USF","INF",20041007
"1995","PONY","1995PONY",1,"USF05051995000070","USF","KNF",20070409
"1995","POWERHOUSE #2","1995POWERHOUSE2",1,"CDF05001995000165","CDF","FKU",0
"1995","ROCKY","1995ROCKY",1,"USF05131995000037","USF","SQF",20080604
"1995","SO.TURNER","1995SO_TURNER",1,"NPS05001995000024","NPS","YNP",0
"1995","VERBENIA","1995VERBENIA",1,"CDF05001995001174","CDF","RRU",20080604
"1995","WARNER","1995WARNER",1,"CDF05001995000997","CDF","MVU",20080604
"1995","WUKSACHI","1995WUKSACHI",1,"NPS05001995000075","NPS","KNP",0
"1996","ACKERSON","1996ACKERSON",1,"NPS05001996000120","NPS","YNP",20040312
"1996","ADAM","1996ADAM",1,"NPS05001996000094","NPS","YNP",0
"1996","AUTUMN HILLS","1996AUTUMNHILLS",1,"USF05211996000013","USF","TOI",20040108
"1996","BEE #2","1996BEE2",1,"USF05121996000106","USF","BDF",20080609
"1996","BELLI","1996BELLI",1,"USF05211996000066","USF","TOI",20040108
"1996","BICHOTA","1996BICHOTA",1,"USF05011996000106","USF","ANF",20080609
"1996","BIG ARROYO","1996BIG_ARROYO",1,"NPS05001996000082","NPS","KNP",20140506
"1996","BIG CREEK","1996BIG_CREEK",1,"USF05161996000048","USF","STF",20050103
"1996","BOREL","1996BOREL",1,"USF05131996000081","USF","SQF",20080609
"1996","CANYON","1996CANYON",1,"USF05131996000013","USF","SQF",20080609
"1996","CASTLE COMPLEX","1996CASTLE_COMPLEX",1,"NPS05001996000072","NPS","KNP",20140506
"1996","COLEVILLE","1996COLEVILLE",1,"USF05211996000032","USF","TOI",20040108
"1996","COOKS","1996COOKS",1,"USF05111996000093","USF","PNF",20060125
"1996","DAMON/LONG","1996DAMON",1,"USF05091996000107","USF","MDF",0
"1996","DIEGO","1996DIEGO",1,"CDF05001996000000","CDF","RRU",20080609
"1996","DIXIE FIRE","1996DIXIE",1,"CDF05001996000000","CDF","LMU",20070622
"1996","DORST","1996DORST",1,"NPS05001996000033","NPS","KNP",20140612
"1996","DRIP","1996DRIP",1,"CDF05001996000855","CDF","RRU",20080609
"1996","FORK","1996FORK",1,"USF05081996000011","USF","MNF",20080609
"1996","GORGE","1996GORGE",1,"CCO05001996000000","USF","LPF",20080612
"1996","GRAND","1996GRAND",1,"CCO05001996000000","CCO","VNC",20080612
"1996","HIGHWAY 58","1996HIGHWAY58",1,"USF05071996000059","USF","LPF",20080612
"1996","HORSE","1996HORSE",1,"USF05091996000044","USF","MDF",20080609
"1996","HOSPITAL","1996HOSPITAL",1,"NPS05001996000075","NPS","KNP",0
"1996","ILL","1996ILL",1,"NPS05001996000169","NPS","YNP",20040312
"1996","KAWEAH","1996KAWEAH",1,"NPS05001996000088","NPS","KNP",20140506
"1996","KENDRICK","1996KENDRICK",1,"NPS05001996000118","NPS","YNP",20040312
"1996","KIBBIE","1996KIBBIE",1,"NPS05161996000120","NPS","YNP",0
"1996","MADDALENA","1996MADDALENA",1,"USF05111996000086","USF","PNF",20080609
"1996","MANUAL","1996MANUAL",1,"CDF05001996000685","CDF","TCU",20040108
"1996","MARPLE FIRE","1996MARPLE",1,"CCO05001996000089","CCO","LAC",20080609
"1996","MT. JACKSON","1996MTJACKSON",1,"USF05211996000071","USF","TOI",20040108
"1996","RESERVOIR","1996RESERVOIR",1,"USF05011996000202","USF","ANF",20080609
"1996","ROCK","1996ROCK",1,"USF05141996000116","USF","SHF",20070821
"1996","ROGGE","1996ROGGE",1,"USF05161996000038","USF","STF",20041230
"1996","SAGE FLAT","1996SAGE_FLAT",1,"USF05041996000025","USF","INF",20080609
"1996","SIERRA","1996SIERRA",1,"USF05131996000032","USF","SQF",20080609
"1996","STUMPFIELD","1996STUMPFIELD",1,"CDF05001996000352","CDF","MMU",20041008
"1996","SUR","1996SUR",1,"USF05071996000072","USF","LPF",20080609
"1996","TRIMMER","1996TRIMMER2",1,"CDF05001996000224","CDF","FKU",0
"1996","WALKER CPX","1996WALKER_CPX",1,"BLM0500199600D144","BLM","BBD",20080725
"1996","WASIOJA","1996WASIOJA",1,"USF05071996000026","USF","LPF",20080609
"1996","WILD","1996WILD",1,"USF05071996000069","USF","LPF",20080612
"1997","AMPHITHEATER","1997AMPHITHEATER",1,"NPS05001997000063","NPS","KNP",20140612
"1997","BAKER","1997BAKER",1,"CCO05001997000000","CCO","ORC",20080616
"1997","CANYON II FIRE","1997CANYON2",1,"CCO05001997029000","CCO","LAC",20080612
"1997","CHOKE","1997CHOKE",1,"USF05131997000064","USF","SQF",0
"1997","COFFEE","1997COFFEE",1,"USF05131997000111","USF","SQF",20080612
"1997","HEMLOCK","1997HEMLOCK",1,"USF05121997000069","USF","BDF",20080612
"1997","HOPPER","1997HOPPER",1,"USF05071997000042","USF","LPF",20080613
"1997","HUFFER","1997HUFFER",1,"NPS05001997000000","NPS","LNP",20140612
"1997","JACKS","1997JACKS",1,"USF05131997000067","USF","SQF",20080612
"1997","LOGAN","1997LOGAN",1,"USF05071997000040","USF","LPF",20080612
"1997","MAYBERT","1997MAYBERT",1,"USF05171997000008","USF","TNF",20110414
"1997","MILL","1997MILL",1,"USF05121997000136","USF","BDF",20080612
"1997","NARROWS","1997NARROWS",1,"USF05011997000186","USF","ANF",20080612
"1997","SUGARLOAF","1997SUGARLOAF",1,"NPS05001997000043","NPS","KNP",20071227
"1997","TOWER","1997TOWER",1,"USF05131997000038","USF","SQF",20080613
"1997","TOWER II","1997TOWER2",1,"USF05041997000018","USF","INF",20110414
"1998"," ","1998USF05071998000000",1,"USF05071998000000","USF","LPF",20080725
"1998","OAT MT","1998OAT_MT",1,"BLM0500199800DA06","BLM","BBD",20080725
"1998","OGILVY","1998OGILVY",1,"USF05071998000028","USF","LPF",20080616
"1998","ROUGH","1998ROUGH",1,"USF05151998000091","USF","SNF",20041008
"1998","TOM","1998TOM",1,"USF05041998000041","USF","INF",20041008
"1999","BEAN CREEK","1999BEAN_CREEK",1,"USF05111999000132","USF","PNF",0
"1999","BELL WEST","1999BELL_WEST",1,"USF05091999000005","USF","MDF",20070622
"1999","BLOOMER","1999BLOOMER",1,"CDF05001999000000","CDF","BTU",20070622
"1999","BOHEMOTASH","1999BOHEMOTASH",1,"USF05141999000162","USF","SHF",20070312
"1999","BRIDGE","1999BRIDGE",1,"USF05011999000224","USF","ANF",20080616
"1999","BUCKS","1999BUCKS",1,"USF05111999000111","USF","PNF",20060125
"1999","CANYON #4","1999CANYON4",2,"CDF051999007946","CDF","SHU",20150905
"1999","CINDER","1999CINDER",1,"USF05061999000053","USF","LNF",20110516
"1999","DARK","1999DARK",1,"NPS05001999000077","NPS","YNP",20040824
"1999","DEER","1999DEER",1,"USF05161999000031","USF","STF",20040108
"1999","DEHAVEN","1999DEHAVEN",1,"CDF05001999000232","CDF","TGU",0
"1999","DEVILS GAP","1999DEVILSGAP",1,"USF05111999000129","USF","PNF",20040108
"1999","DIVISION","1999DIVISION",1,"USF05021999000001","USF","INF",20041008
"1999","DOE MILL","1999DOE_MILL",2,"CDF051999000000","CDF","BTU",20150630
"1999","EAST","1999EAST",1,"USF05051999000022","USF","KNF",20070622
"1999","ELEANOR","1999ELEANOR",2,"NPS05001999000113","NPS","YNP",20040315
"1999","ELLOIT","1999ELLOIT",1,"USF05121999000082","USF","BDF",20080616
"1999","FIRE #3","1999FIRE3",2,"NPS051999000007","NPS","JTP",20150911
"1999","FLORISTON","1999FLORISTON",1,"CDF05171999670532","CDF","NEU",20040108
"1999","GULLY","1999GULLY",1,"USF05211999000076","USF","TOI",20040108
"1999","GUN II","1999GUN2",1,"USF05061999000130","CDF","TGU",20060125
"1999","HIGH","1999HIGH",1,"USF05141999000110","USF","SHF",20070313
"1999","HIRAM","1999HIRAM",1,"USF05161999000044","USF","STF",20040108
"1999","HORTON 2","1999HORTON2",1,"USF05111999000133","USF","PNF",20080616
"1999","JACKASS","1999JACKASS",1,"USF05141999000115","USF","SHF",20070312
"1999","JONES","1999JONES",1,"USF05141999000186","USF","SHF",20070622
"1999","JUNIPER","1999JUNIPER",2,"NPS051999000005","NPS","JTP",20150911
"1999","KIRK CMPLX - HARE","1999HARE",1,"USF05071999000068","USF","LPF",20080620
"1999","KIRK CMPLX - TASSAJARA","1999TASSAJARA",1,"USF05071999000072","USF","LPF",20080623
"1999","LA JOLLA","1999LA_JOLLA",1,"CDF05001999000000","CDF","MVU",20080623
"1999","LAGUNA 100","1999LAGUNA100",1,"USF05021999002176","USF","CNF",20080623
"1999","LECONTE","1999LECONTE",2,"NPS05001999000117","NPS","YNP",0
"1999","LIGHTNING #31","1999LIGHTNING31",1,"CDF05001999000776","CDF","TCU",20040108
"1999","LOOKOUT","1999LOOKOUT",1,"USF05111999000121","USF","PNF",20060125
"1999","LOST BEAR","1999LOST_BEAR",2,"NPS05001999000071","NPS","YNP",20040312
"1999","LOST VALLEY","1999LOST_VALLEY",1,"NPS05001999000202","NPS","YNP",20040823
"1999","LOWDEN","1999LOWDEN",2,"CDF051999004578","CDF","SHU",20150630
"1999","LUNCH","1999LUNCH",1,"USF05141999000138","USF","SHF",20070313
"1999","MEGRAM","1999MEGRAM",1,"USF05141999000123","USF","SHF",0
"1999","MIXING","1999MIXING",1,"USF05121999000140","USF","BDF",20080623
"1999","MORRISON","1999MORRISON",1,"NPS05001999000120","NPS","YNP",20040824
"1999","MUSTY","1999MUSTY",2,"CDF051999000000","CDF","BTU",20150630
"1999","ONION","1999ONION",1,"USF05141999000117","USF","SHF",20070314
"1999","PENDOLA","1999PENDOLA",1,"USF05171999000110","USF","TNF",20080624
"1999","PIDGEON","1999PIDGEN",1,"USF05111999000119","USF","PNF",20060125
"1999","PILOT","1999PILOT",1,"USF05161999000057","USF","STF",20050112
"1999","PINE","1999PINE",1,"USF05091999000058","USF","MDF",0
"1999","PINE","1999PINE_RRU",1,"CDF05001999001371","CDF","RRU",20080623
"1999","RANCH","1999RANCH",1,"USF05071999000101","USF","LPF",20080623
"1999","REPTILE","1999REPTILE",1,"USF05141999000130","USF","SHF",20070313
"1999","RICHBAR COMPLEX","1999RICHBAR_CMPLX",1,"USF05131999000070","USF","SQF",20080625
"1999","SHEEP #1","1999SHEEP1",1,"USF05141999000119","USF","SHF",20070313
"1999","SHEEP #2","1999SHEEP2",1,"USF05141999000112","USF","SHF",20070313
"1999","SOUTH","1999SOUTH",2,"CDF051999000000","CDF","BTU",0
"1999","SPANISH","1999SPANISH",1,"CCO05001999000000","CCO","SBC",20080624
"1999","STAG","1999STAG",1,"USF05111999000103","USF","PNF",20110415
"1999","SUGAR","1999SUGAR",1,"USF05141999000108","USF","SHF",20070313
"1999","TURTLE","1999TURTLE",1,"CDF05001999000093","CDF","BDU",20080624
"1999","WEST","1999WEST",1,"USF05211999000000","USF","TOI",0
"1999","WILLIAMS","1999WILLIAMS",1,"NPS05001999000076","NPS","KNP",20071213
"1999","WILLOW","1999WILLOW",1,"USF05121999000139","USF","BDF",20080624
"1999","WOODLAND","1999WOODLAND",2,"CDF051999000000","CDF","BTU",0
"1999","YELLOW","1999YELLOW",1,"USF05091999000056","USF","MDF",20070622
"2000","ARNOT","2000ARNOT",1,"USF05162000000028","USF","STF",20110414
"2000","ARROW CREEK","2000ARROWCREEK",1,"USF05212000000000","USF","TOI",20040108
"2000","AZUSA","2000AZUSA",1,"USF05042000000291","USF","INF",20041008
"2000","BARK","2000BARK",1,"USF05052000000032","USF","KNF",20070622
"2000","CABBAGE","2000CABBAGE",1,"USF05082000000002","USF","MNF",20080212
"2000","CONCOW","2000CONCOW",2,"CDF052000000000","CDF","BTU",20150610
"2000","GOAT","2000GOAT",2,"CDF052000000000","CDF","LMU",20150611
"2000","GOLDEN2","2000GOLDEN2",1,"USF05212000000083","USF","TOI",20040108
"2000","HAPPY","2000HAPPY",2,"NPS052000000004","NPS","DVP",20150611
"2000","HARLEY","2000HARLEY",1,"CDF05002000000156","CDF","TCU",20040108
"2000","HIGHWAY","2000HIGHWAY",1,"CDF05002000000185","CDF","FKU",20041012
"2000","JOURNEY","2000JOURNEY",1,"USF05102000000102","USF","SRF",20070314
"2000","KING","2000KING",1,"CCO05002000034041","CCO","KRN",20060131
"2000","MANTER","2000MANTER",1,"USF05132000001883","USF","SQF",0
"2000","MILLWOOD","2000MILLWOOD",1,"USF05132000000065","USF","SQF",20041015
"2000","MITCHELL","2000MITCHELL",1,"USF05212000000000","USF","TOI",0
"2000","MORGAN","2000MORGAN",2,"CDF052000000000","CDF","LNU",20150630
"2000","NORTH FORK","2000NORTH_FORK",1,"CDF052000000000","CDF","BEU",20150611
"2000","PECHANGA","2000PECHANGA",1,"CDF05002000000000","CDF","RRU",20080625
"2000","PLASKETT 2","2000PLASKETT2",2,"USF05072000000030","USF","LPF",20080625
"2000","SAWMILL","2000SAWMILL",1,"USF05042000000031","USF","INF",20041008
"2000","SENECA","2000SENECA",1,"USF05212000000057","USF","TOI",20040108
"2000","STORRIE","2000STORRIE",1,"USF05112000000848","USF","PNF",20060125
"2000","TOWN","2000TOWN",1,"USF05082000000001","USF","MNF",20070622
"2000","WEINSTEIN","2000WEINSTEIN",1,"CDF05002000000165","CDF","TGU",20070622
"2001","BELL","2001BELL",1,"USF05092001000158","USF","MDF",20060131
"2001","BLUE","2001BLUE",2,"USF05092001000138","USF","MDF",20040804
"2001","BRICEBURG","2001BRICEBURG",1,"USF05152001000293","USF","SNF",20041015
"2001","BURNT","2001BURNT",2,"NPS05002001000064","NPS","KNP",20041015
"2001","CLEAR","2001CLEAR",1,"USF05092001000009","USF","MDF",20070307
"2001","CRATER","2001CRATER",1,"USF05042001000063","USF","INF",20041015
"2001","CREEK FIRE","2001CREEK",1,"CDF05002001000361","CDF","MMU",20050621
"2001","DARBY","2001DARBY",1,"CDF05002001000680","CDF","TCU",20040108
"2001","DEVIL","2001DEVIL",1,"CDF05002001000042","CDF","LMU",20060125
"2001","FLORISTON","2001FLORISTON",1,"CDF05002001001030","CDF","NEU",20040109
"2001","GAP","2001GAP",1,"USF05172001000674","USF","TNF",20040723
"2001","HEMLOCK","2001HEMLOCK",1,"USF05122001000054","USF","BDF",20080626
"2001","HIGHWAY","2001HIGHWAY",1,"USF05132001000055","USF","SQF",20041015
"2001","HIGHWAY 70","2001HIGHWAY70",1,"CDF05002001000677","CDF","BTU",0
"2001","HOOVER","2001HOOVER",2,"NPS05002001001655","NPS","YNP",20040823
"2001","HYAMPOM","2001HYAMPOM",1,"USF05142001000102","USF","SHF",20070315
"2001","JONES","2001JONES",1,"USF05052001000005","USF","KNF",20070622
"2001","LEONARD","2001LEONARD",2,"CDF052001000622","CDF","TCU",20150630
"2001","MARTIS","2001MARTIS",2,"CDF05172001009855","CDF","NEU",20040108
"2001","MCLAUGHLIN","2001MCLAUGHLIN",1,"USF05042001000008","USF","INF",20041015
"2001","MOORE","2001MOORE",1,"USF05162001000089","CDF","TCU",20040108
"2001","MUSIC","2001MUSIC",1,"USF05152001000055","USF","SNF",20041015
"2001","NORTH FORK","2001NORTH_FORK",1,"USF05152001000057","USF","SNF",20040921
"2001","OREGON","2001OREGON",1,"CDF05002001000000","CDF","SHU",20070622
"2001","POE","2001POE",1,"CDF05002001000000","CDF","BTU",0
"2001","PONDEROSA","2001PONDEROSA",2,"CDF052001000708","CDF","NEU",20150611
"2001","ROCK","2001ROCK",1,"USF05092001000131","USF","MDF",20070622
"2001","ROCK CREEK","2001ROCK_CREEK",1,"USF05172001000007","USF","TNF",20040108
"2001","SALT","2001SALT",1,"USF05032001000042","USF","ENF",20040108
"2001","SILVER","2001SILVER",1,"USF05152001000081","USF","SNF",20041015
"2001","STABLES FIRE","2001STABLES",1,"CCO05002001099200","CCO","LAC",20080625
"2001","STAR","2001STAR",2,"USF05032001000074","USF","ENF",20040723
"2001","STREAM","2001STREAM",2,"USF05112001000091","USF","PNF",20040804
"2001","SWILLUP II","2001SWILLUP2",1,"USF05052001000167","USF","KNF",20070622
"2001","TAR","2001TAR",1,"NPS05002001000091","NPS","KNP",20140612
"2001","TREASURE","2001TREASURE",1,"USF05172001000072","USF","TNF",20040108
"2001","TROUGH","2001TROUGH",1,"USF05082001000016","USF","MNF",20080212
"2001","VIEJAS","2001VIEJAS",1,"USF05022001000002","USF","CNF",20080625
"2001","WHITE","2001WHITE",1,"USF05162001000048","USF","STF",20040108
"2001","WHITE","2001WHITE_SQF",1,"USF05132001000003","USF","SQF",20110927
"2002"," ","2002USF05072002000000",1,"USF05072002000000","USF","LPF",20080725
"2002","ARROWHEAD","2002ARROWHEAD",1,"USF05122002000041","USF","BDF",20080717
"2002","BIRCH","2002BIRCH",1,"USF05042002000017","USF","INF",20040225
"2002","BISCUIT","2002BISCUIT",1,"USF05102002000003","USF","SRF",0
"2002","BLUE CUT","2002BLUE_CUT",1,"USF05122002000053","USF","BDF",20080717
"2002","BOREL","2002BOREL",1,"USF05132002000024","USF","SQF",0
"2002","BOUQUET","2002BOUQUET",1,"USF05012002000047","USF","ANF",20080717
"2002","CANNON","2002CANNON",1,"USF05212002000000","USF","TOI",20040212
"2002","CONE","2002CONE",2,"USF05062002000051","USF","LNF",20040212
"2002","COPCO FIRE","2002COPCO",1,"CCO05002002001949","CCO","LAC",20080717
"2002","COPPER FIRE","2002COPPER",1,"CCO05002002112310","CCO","LAC",20080718
"2002","CROY","2002CROY",2,"CDF052002000000","CDF","SCU",20150630
"2002","CURVE","2002CURVE",1,"USF05012002000150","USF","ANF",20070524
"2002","ELLIS 2","2002ELLIS2",1,"USF05032002000093","USF","ENF",20040720
"2002","FIELD","2002FIELD",1,"CDF052002000302","CDF","NEU",20150630
"2002","FORKS","2002FORKS",1,"USF05052002000011","USF","KNF",20070524
"2002","FREEWAY FIRE II","2002FREEWAY2",1,"CCO05002002177557","CCO","LAC",20080717
"2002","FULLER","2002FULLER",1,"USF05042002000025","USF","INF",20050112
"2002","GARNET","2002GARNET",1,"USF05022002000060","USF","CNF",20080718
"2002","GONDOLA","2002GONDOLA",1,"USF05192002000012","USF","TMU",0
"2002","GREEN","2002GREEN",1,"CCO05002002008311","CCO","ORC",20080718
"2002","HUNTER","2002HUNTER",1,"USF05032002000091","USF","ENF",20040720
"2002","LEONA","2002LEONA",1,"USF05012002000157","USF","ANF",20080718
"2002","LOUISIANA","2002LOUISIANA",1,"USF05122002000086","USF","BDF",20080717
"2002","MCNALLY","2002MCNALLY",2,"USF05132002000043","USF","SQF",20040202
"2002","MUSSOLINI","2002MUSSOLINI",1,"CDF05002002000200","CDF","SKU",0
"2002","PALISADE","2002PALISADE",2,"NPS05002002000068","NPS","KNP",20041015
"2002","PINES","2002PINES",1,"CDF05002002000777","CDF","MVU",20080718
"2002","PIPER","2002PIPER",1,"USF05042002000024","USF","INF",20041015
"2002","PIUTE","2002PIUTE",1,"USF05042002000066","USF","INF",0
"2002","PLUM","2002PLUM",1,"USF05032002000090","USF","ENF",20040720
"2002","RANCH","2002RANCH",1,"NPS05002002002118","NPS","YNP",0
"2002","ROCK CREEK 2","2002ROCK_CREEK2",1,"USF05152002000090","USF","SNF",20041015
"2002","SAINT PAULI","2002SAINTPAULI",1,"USF05032002000041","USF","ENF",20040720
"2002","SHOWERS","2002SHOWERS",2,"USF05192002000043","USF","TMU",0
"2002","SLINKARD","2002SLINKARD",1,"BLM0500200200U842","BLM","BBD",20080725
"2002","SPI #3 SOURGRASS","2002SPI3SOURGRASS",1,"CDF05002002000938","CDF","TCU",20040720
"2002","STANZA","2002STANZA",1,"USF05052002000052","USF","KNF",20070524
"2002","WILLIAMS","2002WILLIAMS",1,"USF05012002000176","USF","ANF",20080718
"2002","WOLF","2002WOLF",1,"CCO05002002039434","CCO","VNC",20080717
"2002","WOLF","2002WOLF_YNP",2,"NPS05002002001935","NPS","YNP",0
"2003"," ","2003USF0502200300000A",1,"USF0502200300000A","USF","CNF",20080718
"2003","ALBANITA","2003ALBANITA",1,"USF05132003000109","USF","SQF",20040120
"2003","ANNIE","2003ANNIE",2,"CDF052003000319","CDF","SCU",20150615
"2003","BASIN","2003BASIN",1,"USF05132003000042","USF","SQF",20060131
"2003","CANOE","2003CANOE",2,"CDF052003000231","CDF","HUU",20150905
"2003","CANYON","2003CANYON",2,"CDF05002003001290","CDF","RRU",20080722
"2003","CEDAR","2003CEDAR",1,"USF05022003000087","USF","CNF",0
"2003","COD FISH","2003COD_FISH",1,"USF05172003000104","USF","TNF",0
"2003","COONEY","2003COONEY",1,"USF05132003000079","USF","SQF",20041203
"2003","COYOTE","2003COYOTE",1,"USF05022003000039","USF","CNF",0
"2003","DEAFY","2003DEAFY",1,"USF05082003000066","USF","MNF",20070424
"2003","DEVIL","2003DEVIL",2,"CDF052003000319","CDF","SCU",20150615
"2003","DEXTER","2003DEXTER",1,"USF05042003000060","USF","INF",0
"2003","GIANT","2003GIANT",1,"NPS05002003000048","NPS","KNP",0
"2003","HAPPY CAMP","2003HAPPY_CAMP",1,"USF05082003000061","USF","MNF",0
"2003","HAUSER","2003HAUSER",1,"CCO05002003150988","CCO","LAC",20080718
"2003","HMRS NOS2","2003HMRS_NOS2",1,"NPS05002003000090","NPS","KNP",20140612
"2003","HONEYDEW","2003HONEYDEW",2,"CDF052003000236","CDF","HUU",20150615
"2003","HOOKER","2003HOOKER",1,"USF05132003000105","USF","SQF",20040120
"2003","KIBBIE CMPLX","2003KIBBIE",1,"NPS05002003002261","NPS","YNP",20041130
"2003","KINKAID","2003KINKAID",1,"CDF052003000319","CDF","SCU",20150905
"2003","LOMA","2003LOMA",1,"USF05142003000194","USF","SHF",20070417
"2003","MOUNTAIN","2003MOUNTAIN_CDF",2,"CDF052003001946","CDF","RRU",20150906
"2003","MOUNTAIN CMPLX","2003MOUNTAIN",1,"USF05162003000026","USF","STF",20040922
"2003","MUD","2003MUD",1,"USF05162003000097","USF","STF",20040922
"2003","OLD, GRANDPRIX, PADUA","2003OLD_GRANDPRIX_PADUA",2,"USF05122003000147","USF","BDF",20060125
"2003","PARADISE","2003PARADISE",1,"USF05022003000089","USF","CNF",0
"2003","PARADISE 2","2003PARADISE2",1,"NPS05002003000101","NPS","KNP",20140506
"2003","PIRU","2003PIRU",1,"USF05072003000038","USF","LPF",20080718
"2003","ROYAL","2003ROYAL",1,"USF05192003000073","USF","TMU",0
"2003","SAGEHEN","2003SAGEHEN",1,"USF05042003000010","USF","INF",20041015
"2003","SALT","2003SALT",1,"CDF05002003000306","CDF","AEU",20041221
"2003","SNAKE/CARGYLE2","2003SNAKE_CARGYLE2",1,"USF05152003000092","USF","SNF",20110414
"2003","SPANISH","2003SPANISH",1,"USF05082003000079","USF","MNF",20070417
"2003","SUMMIT","2003SUMMIT",1,"USF05042003000052","USF","INF",20041203
"2003","TUOLUMNE","2003TUOLUMNE",2,"NPS05002003003034","NPS","YNP",20050627
"2003","WEST KERN","2003WEST_KERN",1,"USF05042003000068","NPS","KNP",20041203
"2003","WHISKEY","2003WHISKEY",1,"NPS05002003002352","NPS","YNP",20110826
"2003","WHIT","2003WHIT",1,"USF05162003000096","USF","STF",20040922
"2003","WHITMORE","2003WHITMORE",2,"CDF052003011176","CDF","SHU",20150906
"2003","WILLIAMS","2003WILLIAMS",1,"NPS05002003000038","NPS","KNP",20041015
"2003","WOODLOT","2003WOODLOT",1,"NPS05002003P-1734","NPS","YNP",20050120
"2004","BEAR","2004BEAR",1,"USF05142004000129","CDF","SHU",0
"2004","BLUFF","2004BLUFF",2,"NPS05002004000000","NPS","LNP",20140506
"2004","CACHUMA","2004CACHUMA",1,"CCO05002004003217","CCO","SBC",20070419
"2004","COTTONWOOD","2004COTTONWOOD",1,"USF05112004000015","USF","PNF",20110415
"2004","CRAG","2004CRAG",1,"USF05132004000038","USF","SQF",0
"2004","CROWN","2004CROWN",1,"USF05012004000092","USF","ANF",20070000
"2004","DANA","2004DANA",1,"BLM0500200400A51G","BLM","BBD",20070419
"2004","DEEP","2004DEEP",2,"USF05132004000052","USF","SQF",20050926
"2004","EARLY","2004EARLY",1,"USF05162004000049","USF","STF",20050926
"2004","EAST","2004EAST",1,"USF05012004000113","USF","ANF",20070419
"2004","EDDY 54","2004EDDY54",1,"USF05092004023379","USF","KNF",20070625
"2004","FOOTHILL","2004FOOTHILL",1,"CCO05002004146068","CCO","LAC",20070000
"2004","FREDS","2004FREDS",1,"USF05032004000111","USF","ENF",20050926
"2004","FRENCH","2004FRENCH",1,"CDF05002004000385","CDF","SHU",20080212
"2004","GATOS","2004GATOS",2,"CDF052004000118","CDF","FKU",20150630
"2004","GAVIOTA","2004GAVIOTA",1,"CCO05002004004032","CCO","SBC",20070000
"2004","HETCHY","2004HETCHY",1,"NPS05002004004243","NPS","YNP",0
"2004","HOTSPRINGS","2004HOT_SPRINGS",1,"NPS05002004000077","NPS","KNP",20140612
"2004","HWY 4 #2","2004HWY4_2",1,"CDF052004000662","CDF","TCU",20150906
"2004","IRONGATE","2004IRONGATE",2,"CDF052004000272","CDF","SKU",20150903
"2004","KINCAID","2004KINCAID",2,"CDF052004000281","CDF","SCU",20150617
"2004","MEADOW WFU","2004MEADOW",2,"NPS05002004001962","NPS","YNP",20150924
"2004","NEHOUSE","2004NEHOUSE",1,"USF05152004000070","USF","SNF",20110414
"2004","OLD HWY/MPUD 149","2004OLD_HWY",2,"CDF052004000359","CDF","MMU",20150630
"2004","OREGON","2004OREGON",2,"CDF052004000423","CDF","BTU",20150630
"2004","PATTISON","2004PATTISON",1,"CDF052004000761","CDF","TCU",20150906
"2004","PINE","2004PINE",1,"CCO05002004142168","CCO","LAC",20061221
"2004","POWER","2004POWER",1,"USF05032004000109","USF","ENF",20050926
"2004","RUMSEY","2004RUMSEY",2,"CDF052004000694","CDF","LNU",20150906
"2004","RUNWAY","2004RUNWAY",1,"USF05122004000177","USF","BDF",20070419
"2004","SIMS","2004SIMS",2,"USF05102004000039","USF","SRF",0
"2004","SOURCE","2004SOURCE",1,"USF05152004000015","USF","SNF",20110414
"2004","STEVENS","2004STEVENS",2,"CDF052004000574","CDF","NEU",20150906
"2004","STRAYLOR","2004STRAYLOR",2,"CDF05002004002537","CDF","LMU",20051115
"2004","TUOLUMNE","2004TUOLUMNE",1,"USF05162004000066","USF","STF",20050926
"2004","VERBENIA","2004VERBENIA",1,"CDF05002004001164","CDF","RRU",20070419
"2005","36","2005THIRTYSIX",2,"CDF052005000095","CDF","TGU",0
"2005","BAILEY","2005BAILEY",2,"CDF052005000199","CDF","MMU",20150617
"2005","BLAISDELL","2005BLAISDELL",1,"USF05122005000122","USF","BDF",20080723
"2005","COMB","2005COMB",1,"NPS05002005000015","NPS","KNP",20080723
"2005","CORRAL WFU","2005CORRAL",1,"USF05152005000028","USF","SNF",20110414
"2005","CRAG","2005CRAG",1,"USF05132005000031","USF","SQF",20071203
"2005","DEER","2005DEER",1,"USF05082005000007","USF","MNF",20080212
"2005","HALLORAN","2005HALLORAN",1,"NPS052005000000","NPS","MNP",20150906
"2005","HARDING","2005HARDING",2,"USF05172005000038","USF","TNF",20070404
"2005","HOGBACK","2005HOGBACK",1,"USF05042005000031","USF","INF",20110414
"2005","HORSESHOE","2005HORSESHOE",1,"NPS05002005000000","NPS","LNP",0
"2005","KERN","2005KERN",1,"NPS05002005000096","NPS","KNP",20140612
"2005","LAUREL","2005LAUREL",1,"NPS05002005004277","NPS","YNP",20110824
"2005","MILLWOOD","2005MILLWOOD",1,"CDF052005000103","CDF","TUU",20150903
"2005","NINE","2005NINE",1,"USF05132005000023","USF","SQF",20080723
"2005","THURMAN","2005THURMAN",1,"USF05122005000167","USF","BDF",20080723
"2005","TOVEY","2005TOVEY",1,"CCO052005141999","CCO","LAC",20150906
"2005","WAPAMA","2005WAPAMA",1,"NPS05002005004276","NPS","YNP",0
"2005","WILDHORSE","2005WILDHORSE",1,"NPS052005006392","NPS","MNP",20150906
"2005","WOOLEY","2005WOOLEY",1,"USF05052005000062","USF","KNF",20080212
"2006","BAKE OVEN & PIGEON","2006BAKEOVEN_PIGEON",2,"USF05142006000165","USF","SHF",20061017
"2006","BALD","2006BALD",1,"USF05072006000044","USF","LPF",20090827
"2006","BASSETTS","2006BASSETTS",2,"USF05172006000068","USF","TNF",20061002
"2006","BOULDER CMPLX","2006BOULDER_CMPLX",2,"USF05112006000033","USF","PNF",20060802
"2006","BOUNDARY","2006BOUNDARY",1,"NPS05002006003449","NPS","YNP",20110824
"2006","BRODER BECK WFU","2006BRODER_BECK",1,"USF05132006000065","USF","SQF",0
"2006","BURNT","2006BURNT",1,"NPS05002006000047","NPS","KNP",20140612
"2006","COTTONWOOD","2006COTTONWOOD",2,"BLM052006622687","BLM","KRN",20150721
"2006","CREEK INCIDENT","2006CREEK_INCIDENT",2,"CDF052006000191","CDF","LMU",20150721
"2006","DAY","2006DAY",2,"USF05072006000064","USF","LPF",20061023
"2006","ESPERANZA","2006ESPERANZA",2,"CDF052006000210","CDF","RRU",0
"2006","FROG","2006FROG",2,"NPS05002006002538","NPS","YNP",20110824
"2006","GOODALE","2006GOODALE",1,"CDF05042006000244","CDF","BDU",20090827
"2006","GREASE","2006GREASE",1,"USF05112006000098","USF","PNF",20110415
"2006","HANCOCK","2006HANCOCK",2,"USF05052006000074","USF","KNF",20061024
"2006","HARVEY","2006HARVEY",1,"USF05082006000005","USF","MNF",20090827
"2006","HIGH","2006HIGH",1,"USF05092006000009","USF","MDF",0
"2006","HORSE","2006HORSE",1,"USF05022006000055","USF","CNF",20090827
"2006","HOTLUM","2006HOTLUM",1,"USF05142006000002","USF","SHF",20090827
"2006","HUNTER","2006HUNTER",2,"USF05082006000015","USF","MNF",20090827
"2006","JUNCTION","2006JUNCTION",2,"CDF052006000310","CDF","SHU",20150721
"2006","KING","2006KING",1,"NPS05002006002486","NPS","YNP",0
"2006","KINGSLEY","2006KINGSLEY",1,"USF05082006000016","USF","MNF",20090828
"2006","LAKIN","2006LAKIN",1,"USF05142006000105","USF","SHF",20110414
"2006","LAVA","2006LAVA",1,"USF05092006000029","USF","MDF",0
"2006","MAGGIE","2006MAGGIE",1,"USF05132006000018","USF","SQF",20110927
"2006","MIDDLET","2006MIDDLET",1,"NPS05002006003504","NPS","YNP",20110824
"2006","MILLARD","2006MILLARD",1,"USF05122006000083","USF","BDF",20090827
"2006","NOBLE","2006NOBLE",2,"CDF052006000258","CDF","MEU",20150906
"2006","PANTHER","2006PANTHER",2,"USF05102006000035","USF","SRF",0
"2006","PERKINS","2006PERKINS",1,"USF05072006000012","USF","LPF",0
"2006","PINNACLES","2006PINNACLES",1,"USF05122006000185","USF","BDF",20090827
"2006","PUSHWALLA","2006PUSHWALLA",2,"NPS052006006692","NPS","JTP",20150721
"2006","RALSTON","2006RALSTON",2,"USF05172007000064","USF","TNF",20060922
"2006","RICO","2006RICO",1,"CDF052006000272","CDF","BEU",20150903
"2006","RIDGE","2006RIDGE",1,"USF05072006000039","USF","LPF",20090827
"2006","ROARING & RIDGE","2006ROARING_RIDGE",1,"NPS05002006000055","NPS","KNP",20140506
"2006","RUBE","2006RUBE",1,"USF05152006000117","USF","SNF",20110414
"2006","RUSH","2006RUSH",2,"USF05052006000059","USF","KNF",0
"2006","SAGE","2006SAGE",2,"USF05092006000074","USF","MDF",20150617
"2006","SAWMILL","2006SAWMILL",1,"USF05042006000053","USF","INF",20090827
"2006","SAWTOOTH COMPLEX","2006SAWTOOTH_CMPLX",2,"CDF052006000282","CDF","BDU",20150903
"2006","SMITH","2006SMITH",1,"USF05132006000010","USF","SQF",20110414
"2006","SOMES","2006SOMES",2,"USF05102006000027","USF","SRF",20061004
"2006","TAMARACK WFU","2006TAMARACK",1,"USF05132006000019","USF","SQF",20090828
"2006","TITUS","2006TITUS",2,"USF05052006000041","USF","KNF",20061004
"2006","UNCLES","2006UNCLES",2,"USF05052006000053","USF","KNF",20070823
"2006","WHISPERING PINES","2006WHISPERING_PINES",2,"CDF052006000320","CDF","BDU",20150906
"2007","ANGORA","2007ANGORA",2,"USF05192007000013","USF","TMU",20070629
"2007","ANTELOPE CMPLX","2007ANTELOPE_CMPLX",2,"USF05112007000053","USF","PNF",20070716
"2007","BABCOCK","2007BABCOCK",1,"NPS05002007002397","NPS","YNP",0
"2007","BALD WFU","2007BALD",1,"NPS05002007003762","NPS","YNP",20110823
"2007","BUCKWEED","2007BUCKWEED",1,"CCO05012007000167","CCO","LAC",0
"2007","BUTLER2","2007BUTLER2",2,"USF05122007000158","USF","BDF",20090828
"2007","CHINA","2007CHINA",2,"USF05052007000043","USF","KNF",20070730
"2007","COLBY","2007COLBY",1,"USF05062007000037","USF","LNF",20110415
"2007","DEVIL","2007DEVIL",1,"NPS05002007004801","NPS","YNP",0
"2007","ELK","2007ELK",2,"USF05052007000045","USF","KNF",20070816
"2007","ELK CMPLX","2007ELK_CMPLX",2,"USF05052007000032","USF","KNF",20070816
"2007","FLETCHER","2007FLETCHER",2,"USF05092007000055","USF","MDF",20070724
"2007","GOLDLEDGE","2007GOLDLEDGE",2,"USF05132007000011","USF","SQF",20090828
"2007","GRASS VALLEY","2007GRASS_VALLEY",2,"USF05122007000165","USF","BDF",20090828
"2007","GROUSE","2007GROUSE",1,"USF05132007000042","USF","SQF",20090828
"2007","HARRIS 2","2007HARRIS",1,"CDF05022007010427","CDF","MVU",20101117
"2007","HAWKEN","2007HAWKEN",1,"USF05212007000022","USF","TOI",0
"2007","INYO CMPLX","2007INYO_CMPLX",2,"USF05042007000022","USF","INF",20070919
"2007","JACK WF","2007JACK",1,"NPS05002007004850","NPS","YNP",0
"2007","JAMES","2007JAMES",1,"USF05132007000004","USF","SQF",0
"2007","LICK","2007LICK",2,"CDF052007000000","CDF","SCU",20150903
"2007","LITTLE GRIDER","2007LITTLEGRIDER",2,"USF05052007000031","USF","KNF",20090828
"2007","LOS FLORES","2007LOS_FLORES",2,"CDF052007000000","CDF","BDU",0
"2007","MOONLIGHT","2007MOONLIGHT",2,"USF05112007000098","USF","PNF",20070917
"2007","NORTH","2007NORTH",1,"CDF05012007000129","CDF","LAC",20090828
"2007","OHAREL","2007OHAREL",1,"USF05042007000052","USF","INF",20110414
"2007","PINE","2007PINE",1,"USF05022007000073","USF","CNF",20090828
"2007","POOMACHA","2007POOMACHA",2,"CDF05022007000087","CDF","MVU",20071130
"2007","POWER","2007POWER",2,"CDF052007000000","CDF","SHU",20150531
"2007","RANCH","2007RANCH",2,"USF05012007000166","USF","ANF",20071029
"2007","SAGE","2007SAGE",2,"USF05042007000015","USF","INF",20070919
"2007","SANTIAGO","2007SANTIAGO",2,"CDF05022007000085","CDF","ORC",20090828
"2007","SLIDE","2007SLIDE",2,"USF05122007000167","USF","BDF",0
"2007","TAR","2007TAR",2,"CDF052007008730","CDF","FKU",20150531
"2007","VISTA","2007VISTA",2,"USF05132007000041","USF","SQF",0
"2007","WALLOW","2007WALLOW",2,"USF05142007000082","USF","SHF",0
"2007","WHITE","2007WHITE",2,"CCO052007718055","CCO","KRN",20150605
"2007","WITCH","2007WITCH",2,"CDF05022007000082","CDF","MVU",0
"2007","ZACA","2007ZACA",2,"CDF05072007000020","USF","LPF",20070911
"2008","ANTELOPE","2008ANTELOPE",1,"CDF05002008000081","CDF","TGU",0
"2008","ANTHONY MILNE","2008ANTHONYMILNE",2,"USF05052008000054","USF","KNF",0
"2008","BACK","2008BACK",2,"USF05082008000019","USF","MNF",20100113
"2008","BASIN COMPLEX","2008BASINCOMPLEX",2,"USF05072008000016","USF","LPF",20100504
"2008","BEAR","2008BEAR",2,"USF05112008000048","USF","PNF",20081223
"2008","BELDEN","2008BELDEN",2,"USF05112008000077","USF","PNF",20081223
"2008","BIG","2008BIG",2,"CDF05082008000021","CDF","MEU",0
"2008","BONANZA","2008BONANZA",2,"USF05102008000059","USF","SRF",0
"2008","BUCKHORN","2008BUCKHORN",2,"USF05142008000188","USF","SHF",20091001
"2008","BUTCH","2008BUTCH",2,"CDF052008000000","CDF","MEU",20150906
"2008","CAREY","2008CAREY",2,"USF05142008000175","USF","SHF",20100113
"2008","CARIBOU","2008CARIBOU",2,"USF05052008000026","USF","KNF",0
"2008","CASCADEL","2008CASCADEL",1,"USF05152008000092","USF","SNF",0
"2008","CEDAR","2008CEDAR",2,"USF05142008000079","USF","SHF",20081223
"2008","CELINA","2008CELINA",1,"USF05172008000032","USF","TNF",20100721
"2008","CHALK","2008CHALK",1,"USF05072008000034","USF","LPF",20100504
"2008","CLIFF RIDGE","2008CLIF_RIDGE",2,"CDF052008000000","CDF","MEU",20150531
"2008","CLOVER","2008CLOVER",2,"USF05132008000009","USF","SQF",0
"2008","COLD","2008COLD",2,"USF05112008000070","USF","PNF",20100301
"2008","CORRAL","2008CORRAL",2,"CDF05002008002759","CDF","LMU",0
"2008","COWSHED LIGHTNING","2008COWSHED_LIGHTNING",2,"CDF052008000000","CDF","MEU",20150531
"2008","CRAIG","2008CRAIG",2,"CDF052008000000","CDF","BTU",20150531
"2008","CUB","2008CUB",2,"USF05062008000013","USF","LNF",20100302
"2008","DEADSHOT","2008DEADSHOT",2,"USF05142008000178","USF","SHF",20091001
"2008","DEERLICK","2008DEERLICK",2,"USF05142008000179","USF","SHF",20091001
"2008","DOME ROCK","2008DOME_ROCK",1,"USF05162008000066","USF","STF",20100721
"2008","EAGLE","2008EAGLE",2,"USF05142008000066","USF","SHF",20091001
"2008","FALL","2008FALL",2,"USF05172008000033","USF","TNF",20100301
"2008","FOX, FOUR MILE","2008FOX",2,"USF05112008000045","USF","PNF",20100302
"2008","FRIEND DARNELL","2008FRIENDDARNELL",2,"USF05112008000000","USF","PNF",20100302
"2008","GAP","2008GAP",1,"USF05072008000020","USF","LPF",20100504
"2008","GOVERNMENT, WESTVILLE","2008GOVERNMENT",2,"USF05172008000037","USF","TNF",0
"2008","GRANITE","2008GRANITE",1,"USF05142008000180","USF","SHF",0
"2008","GROUSE","2008GROUSE",2,"USF05082008000033","USF","MNF",20100113
"2008","GULCH","2008GULCH",2,"USF05142008000221","USF","SHF",0
"2008","HALF","2008HALF",2,"USF05102008000035","USF","SRF",0
"2008","HARDY CREEK LIGHTNING","2008HARDY_CREEK",2,"CDF052008000000","CDF","MEU",20150531
"2008","HARTMAN","2008HARTMAN",1,"USF05112008000068","USF","PNF",20100721
"2008","HIDDEN","2008HIDDEN",1,"NPS05002008000076","NPS","KNP",0
"2008","HONEYBEE","2008HONEYBEE",2,"USF05042008000002","USF","INF",0
"2008","HUMBOLDT","2008HUMBOLDT",1,"CDF052008000000","CDF","BTU",20150902
"2008","INDIAN","2008INDIAN",2,"CDF052008000000","CDF","MEU",0
"2008","INDIANS","2008INDIANS",2,"USF05072008000012","USF","LPF",20100504
"2008","IRON,HARVEY,SLIDES,THOMES,VINEGAR","2008IRON",2,"USF05082008000118","USF","MNF",20081229
"2008","IRONSIDE","2008IRONSIDE",2,"USF05142008000164","USF","SHF",20081223
"2008","JACK SMITH","2008JACK_SMITH",1,"CDF052008000000","CDF","MEU",0
"2008","JAKE","2008JAKE",2,"USF05052008000000","USF","KNF",20091002
"2008","KIRKMAN","2008KIRKMAN",1,"CDF05142008000000","CDF","SHF",20150604
"2008","LIME","2008LIME",2,"USF05142008000137","USF","SHF",0
"2008","LITTLE","2008LITTLE",2,"USF05112008000043","USF","PNF",20100302
"2008","LOST PIPE","2008LOST_PIPE",2,"CDF052008000000","CDF","MEU",20150531
"2008","LOW GAP","2008LOW_GAP",2,"CDF052008000000","CDF","MEU",20150531
"2008","LOWER","2008LOWER",2,"CDF05142008000000","CDF","SHF",20150604
"2008","MAREK","2008MAREK",1,"USF05012008000123","USF","ANF",20100721
"2008","MIDDLE","2008MIDDLE",2,"CDF052008000000","CDF","MEU",20150531
"2008","MILL","2008MILL",1,"CDF05002008000079","CDF","TGU",20081223
"2008","MILL","2008MILL_MNF",2,"USF05082008000041","USF","MNF",20100113
"2008","MINERS","2008MINERS",2,"USF05142008000106","USF","SHF",0
"2008","MONKEY ROCK","2008MONKEYROCK",2,"USF05082008000016","USF","MNF",20081229
"2008","MOON","2008MOON",2,"CDF05142008000000","CDF","SHF",20150604
"2008","MOSES","2008MOSES",1,"USF05132008000012","USF","SQF",20110414
"2008","MOTION","2008MOTION",2,"CDF05142008000199","CDF","SHU",20100113
"2008","NAVAROO","2008NAVAROO",2,"CDF052008000000","CDF","MEU",20150531
"2008","NOBLE","2008NOBLE",2,"USF05142008000119","USF","SHF",0
"2008","NORTH MOUNTAIN","2008NORTHMOUNTAIN",2,"USF05162008000013","USF","STF",20100504
"2008","OLIVER","2008OLIVER",1,"USF05152008000014","USF","SNF",20100504
"2008","ONION2","2008ONION2",2,"USF05062008000015","USF","LNF",0
"2008","ORR SERIES","2008ORR_SERIES",2,"CDF052008000000","CDF","MEU",20150531
"2008","PANTHER, MERRILL, HAYPRESS","2008PANTHER_MERRILL_HAYPRESS",2,"USF05052008000057","USF","KNF",20091001
"2008","PARADISE","2008PARADISE",2,"CDF052008000000","CDF","HUU",20150930
"2008","PEAVINE","2008PEAVINE",2,"USF05172008000040","USF","TNF",0
"2008","PETERSON CMPLX","2008PETERSONCMPLX",1,"USF05062008000046","USF","LNF",0
"2008","PINE 2","2008PINE2",2,"CDF05142008000000","CDF","SHF",20150604
"2008","PIT","2008PIT",2,"CDF05062008000075","CDF","BTU",0
"2008","PIUTE","2008PIUTE",2,"USF05132008000018","USF","SQF",20100504
"2008","RED MOUNTAIN LIGHTNING","2008RED_MOUNTAIN",2,"CDF052008000000","CDF","MEU",20150531
"2008","RICH","2008RICH",2,"USF05112008000084","USF","PNF",20100302
"2008","SAYRE","2008SAYRE",1,"USF05012008000139","USF","ANF",20100504
"2008","SCOTCH, SOUTH FREY","2008SCOTCH",2,"USF05112008000063","USF","PNF",20100302
"2008","SCOTCHMAN","2008SCOTCHMAN",2,"USF05172008000025","USF","TNF",20081229
"2008","SHERWIN","2008SHERWIN",1,"USF05042008000015","USF","INF",20110414
"2008","SILVER KNOB","2008SILVER_KNOB",1,"USF05152008000011","USF","SNF",20100721
"2008","SISKIYOU BLUE2 COMPLEX","2008SISKIYOUBLUE2COMPLEX",2,"USF05102008000026","USF","SRF",20091001
"2008","SLIDE","2008SLIDE",2,"USF05142008000184","USF","SHF",0
"2008","SMOKEY","2008SMOKEY",2,"CDF05062008000029","CDF","BTU",0
"2008","SOLO2","2008SOLO2",1,"BIA05002008000000","BIA","SQF",20110414
"2008","STAR","2008STAR",1,"USF05152008000018","USF","SNF",20100721
"2008","STEIN","2008STEIN",2,"CDF05142008000248","CDF","SHU",0
"2008","SUGARLOAF","2008SUGARLOAF",2,"CDF052008000000","CDF","MEU",20150530
"2008","SUMMIT","2008SUMMIT",2,"CDF052008000000","CDF","SCU",20150708
"2008","TEA","2008TEA",1,"CDF05072008009981","CDF","SBC",0
"2008","TEHIPITE","2008TEHIPITE",1,"USF05152008000087","USF","SNF",20100504
"2008","TELEGRAPH","2008TELEGRAPH",2,"CDF05002008000000","CDF","MMU",0
"2008","TELEPHONE","2008TELEPHONE",2,"USF05142008000115","USF","SHF",20081223
"2008","TRAVIS 1","2008TRAVIS1",2,"CDF052008000000","CDF","MEU",20150708
"2008","TROUGH","2008TROUGH",2,"USF05142008000120","USF","SHF",20100113
"2008","TWENTY","2008TWENTY",1,"CDF052008000000","CDF","NEU",20150530
"2008","VENTURE","2008VENTURE",2,"CDF05002008000019","CDF","SHU",0
"2008","WHISKEY","2008WHISKEY",2,"USF05082008000003","USF","MNF",0
"2008","WILD","2008WILD",1,"CDF052008000000","CDF","LNU",20150530
"2008","YELLOW,CAMP,JOHNSON","2008YELLOW",2,"USF05082008000047","USF","MNF",20100113
"2008","ZEIGLER","2008ZEIGLER",2,"USF05142008000069","USF","SHF",0
"2009","BIG MEADOW","2009BIG_MEADOW",1,"NPS05002009003660","NPS","YNP",20110519
"2009","BLACKJACK","2009BLACKJACK",1,"USF05042009000020","USF","INF",20110414
"2009","BROWN","2009BROWN",2,"USF05062009000076","USF","LNF",0
"2009","BRYSON","2009BRYSON",1,"CDF052009000000","CDF","BEU",20150530
"2009","CASSEL","2009CASSEL",1,"CDF05200900E3ZN","CDF","SHU",20110519
"2009","CHALK","2009CHALK",1,"CDF05142009000102","CDF","SHU",20110519
"2009","COFFIN","2009COFFIN",2,"CDF05200900E41W","CDF","SHU",20150530
"2009","COTTONWOOD","2009COTTONWOOD",1,"USF05122009000142","USF","BDF",20110519
"2009","ELEPHANT","2009ELEPHANT",1,"USF05112009000071","USF","PNF",20100721
"2009","FAIRFIELD","2009FAIRFIELD",1,"NPS05002009000000","NPS","LNP",0
"2009","FORKS","2009FORKS",1,"USF05042009000019","USF","INF",20110519
"2009","GOOSE","2009GOOSE",1,"CDF05142009000100","CDF","SHU",20110520
"2009","GRANITE","2009GRANITE",2,"USF05132009000036","USF","SQF",20100523
"2009","GROUSE","2009GROUSE",2,"NPS05002009001510","NPS","YNP",20150530
"2009","HARDEN","2009HARDEN",2,"NPS05002009001659","NPS","YNP",20150530
"2009","HORSE","2009HORSE",1,"NPS05002009000014","NPS","KNP",20140612
"2009","JESUSITA","2009JESUSITA",2,"CCO052009000000","CCO","SBC",20110620
"2009","KNIGHT","2009KNIGHT",2,"USF05162009000018","USF","STF",20091209
"2009","LABREA","2009LABREA",2,"USF05072009000025","USF","LPF",20091209
"2009","LION","2009LION",2,"USF05132009000024","USF","SQF",0
"2009","LOCKHEED","2009LOCKHEED",2,"CDF052009007246","CDF","CZU",20150530
"2009","LT-17(BACKBONE)","2009BACKBONE",2,"USF05102009000032","USF","SRF",0
"2009","MILFORD_GRADE","2009MILFORD_GRADE",1,"USF05112009000009","USF","PNF",0
"2009","MILL CREEK #4","2009MILLCREEK",1,"BIA05102009000092","BIA","SRF",20101109
"2009","MORRIS","2009MORRIS",1,"USF05012009000137","USF","ANF",20100518
"2009","OAK GLEN 3","2009OAK_GLEN3",2,"CDF052009000000","CDF","BDU",20110520
"2009","REDROCK","2009REDROCK",2,"USF05052009000098","USF","KNF",20110519
"2009","REDSPOT","2009REDSPOT",2,"USF05142009000071","USF","SHF",20091209
"2009","SHEEP","2009SHEEP",2,"USF05122009000171","USF","BDF",20091209
"2009","SHOTGUN","2009SHOTGUN",2,"USF05132009000020","USF","SQF",20110520
"2009","SILVER","2009SILVER",1,"USF05112009000092","USF","PNF",20100721
"2009","STATION","2009STATION",2,"USF05012009000138","USF","ANF",20091209
"2009","SUGARLOAF","2009SUGARLOAF",2,"USF05062009000050","USF","LNF",20110519
"2009","TENNANT","2009TENNANT",2,"USF05052009000045","USF","KNF",0
"2009","WILDCAT","2009WILDCAT",2,"NPS05002009002968","NPS","YNP",20150924
"2009","YUBA","2009YUBA",2,"CDF052009000000","CDF","NEU",20150530
"2010","BAR","2010BAR",2,"USF05112010000027","USF","PNF",20120731
"2010","BODFISH","2010BODFISH",1,"USF05132010000021","USF","SQF",0
"2010","BRIGGS","2010BRIGGS",1,"USF05012010000107","USF","ANF",20130207
"2010","BUCKHORN","2010BUCKHORN",1,"USF05152010000023","USF","SNF",0
"2010","BULL","2010BULL",2,"USF05132010000030","USF","SQF",20100816
"2010","BULLARDS","2010BULLARDS",2,"CDF052010000000","CDF","NEU",0
"2010","CANYON","2010CANYON",2,"USF05132010000041","USF","SQF",20120730
"2010","CONSTANTIA","2010CONSTANTIA",1,"BLM05201000FM15","BLM","NOD",20120731
"2010","MONO","2010MONO",1,"USF05042010000020","USF","INF",20120731
"2010","MONTE","2010MONTE",1,"USF05022010000039","USF","CNF",20120731
"2010","PINECREST","2010PINECREST",1,"USF05162010000011","USF","STF",0
"2010","POST","2010POST",1,"CCO052010000000","CCO","KRN",20120731
"2010","POZO","2010POZO",1,"USF05072010000026","USF","LPF",20120731
"2010","SHEEP","2010SHEEP",2,"NPS05002010000039","NPS","KNP",20101222
"2010","SLOPE","2010SLOPE",2,"NPS05002010000027","NPS","YNP",20140506
"2010","VERNON","2010VERNON",2,"NPS05002010000032","NPS","YNP",20140506
"2010","WEST","2010WEST",1,"CCO052010000000","CCO","KRN",20150530
"2010","WOLF CREEK","2010WOLF_CREEK",1,"USF05212010000060","USF","TOI",0
"2011","ANNIE","2011ANNIE",1,"BLM052011000000","BLM","NOD",20120815
"2011","AVALANCHE","2011AVALANCHE",1,"NPS05002011000000","NPS","YNP",0
"2011","BAKER","2011BAKER",1,"CCO052011000000","CCO","KRN",20150907
"2011","BALD","2011BALD",1,"NPS05002011000000","NPS","YNP",20140612
"2011","BLACK","2011BLACK",1,"CCO052011000000","CCO","KRN",20150907
"2011","BRECKENRIDGE COMPLEX","2011BRECKENRIDGE_CMPLX",1,"CDF052011000000","CDF","KRN",20130110
"2011","BUTTERMILK","2011BUTTERMILK",1,"USF05042011000004","USF","INF",20120815
"2011","CANYON","2011CANYON",1,"CCO052011000000","CCO","KRN",20150530
"2011","COUGAR","2011COUGAR",1,"USF05092011000002","USF","MDF",20111213
"2011","COVE","2011COVE",1,"USF05132011000003","USF","SQF",20130110
"2011","HILL","2011HILL",1,"USF05122011000137","USF","BDF",20120815
"2011","INDIAN","2011INDIAN",1,"CCO052011000000","CCO","KRN",20150907
"2011","LION","2011LION",1,"USF05132011000017","USF","SQF",20110930
"2011","MAMMOTH","2011MAMMOTH",1,"USF05092011000005","USF","MDF",0
"2011","MINT","2011MINT",1,"USF05012011000137","USF","ANF",0
"2011","MOTOR","2011MOTOR",1,"USF05152011000024","USF","SNF",0
"2011","ONION","2011ONION",1,"USF05052011000018","USF","KNF",20120815
"2011","RUTH","2011RUTH",1,"USF05102011000017","USF","SRF",0
"2011","SCORPION","2011SCORPION",1,"USF05092011000003","USF","MDF",20120815
"2011","STAGE","2011STAGE",1,"CDF052011000000","CDF","TUU",20150530
"2011","TAMARACK","2011TAMARACK",1,"NPS05002011000000","NPS","YNP",20140612
"2011","WILLOWS","2011WILLOWS",1,"USF05132011000046","USF","SQF",20120815
"2012","BAGLEY","2012BAGLEY",2,"USF05142012000078","USF","SHF",0
"2012","BARRY POINT","2012BARRY_POINT",2,"USF06002012000000","USF","FWF",0
"2012","BEAR","2012BEAR",2,"USF05152012000029","USF","SNF",20121030
"2012","CASCADE","2012CASCADE",2,"NPS05002012000000","NPS","YNP",20140506
"2012","CHIPS","2012CHIPS",2,"USF05112012000052","USF","PNF",0
"2012","CLEAR","2012CLEAR",2,"CCO05132012000036","CCO","KRN",20151203
"2012","DALE","2012DALE",2,"CDF052012000000","CDF","SHU",20151203
"2012","FLAT","2012FLAT",2,"USF05142012000034","USF","SHF",0
"2012","GEORGE","2012GEORGE",2,"USF05132012000012","USF","SQF",0
"2012","GOFF","2012GOFF",2,"USF05052012000010","USF","KNF",20121119
"2012","JAWBONE BRANCH","2012JAWBONE_BRANCH",2,"BLM052012000000","BLM","CDD",20151203
"2012","LAKE","2012LAKE",1,"USF05092012000015","USF","MDF",20150729
"2012","LIKLEY","2012LIKLEY",1,"BLM052012000000","BLM","CDD",20151203
"2012","MILL","2012MILL",2,"USF05082012000006","USF","MNF",0
"2012","MILL","2012MILL_CDF",2,"CDF05062012000000","CDF","BTU",20151203
"2012","NORTH PASS","2012NORTH_PASS",2,"USF05082012000012","USF","MNF",0
"2012","PEAK","2012PEAK",1,"USF05112012000051","USF","PNF",20140612
"2012","PONDEROSA","2012PONDEROSA",2,"CDF052012000000","CDF","TGU",0
"2012","RAMSEY","2012RAMSEY",2,"USF05162012000030","USF","STF",0
"2012","READING","2012READING",2,"NPS05002012000000","NPS","LNP",0
"2012","RIM BRANCH","2012RIM_BRANCH",2,"BLM052012000000","BLM","CDD",20151203
"2012","ROBBERS","2012ROBBERS",2,"CDF052012000000","CDF","NEU",20151203
"2012","RUSH","2012RUSH",1,"BLM052012000000","BLM","NOD",20151203
"2012","SALT CREEK","2012SALT_CREEK",2,"USF05142012000049","USF","SHF",20121030
"2012","SIXTEEN COMPLEX","2012SIXTEEN_CMPLX",1,"CDF052012000000","CDF","LNU",20151203
"2012","STAFFORD","2012STAFFORD",2,"USF05142012000087","USF","SHF",0
"2012","WILLIAMS","2012WILLIAMS",2,"USF05012012004803","USF","ANF",20121113
"2012","WOODS CREEK","2012WOODS_CREEK",1,"NPS05002012000000","NPS","KNP",20140612
"2012","WYE","2012WYE",1,"CDF052012000000","CDF","LNU",20151203
"2013","AMERICAN","2013AMERICAN",2,"USF05172013000049","USF","TNF",20130110
"2013","ASPEN","2013ASPEN",2,"USF05152013000010","USF","SNF",20141105
"2013","BUTLER","2013BUTLER",1,"USF05052013000024","USF","SRF",20130122
"2013","CARSTENS","2013CARSTENS",2,"USF05152013000004","USF","SNF",0
"2013","CHARIOT","2013CHARIOT",1,"CDF052013000000","CDF","MVU",20150530
"2013","CLOVER","2013CLOVER",1,"CDF052013000000","CDF","SHU",20150530
"2013","CORRAL COMPLEX","2013CORRAL_CMPLX",2,"USF05102013000044","USF","SRF",20150420
"2013","DEER","2013DEER",1,"CDF05062013000000","CDF","TGU",20150417
"2013","DELUZ","2013DELUZ",1,"DOD052013000000","DOD","MCP",0
"2013","FALLS","2013FALLS",1,"USF05022013000000","USF","CNF",20150417
"2013","FISH","2013FISH",2,"USF05132013000054","USF","SQF",20130110
"2013","GRAND","2013GRAND",1,"CCO05072013000000","CCO","KRN",20150530
"2013","HATHAWAY","2013HATHAWAY",1,"USF05122013000077","USF","BDF",20130110
"2013","KYBURZ","2013KYBURZ",1,"USF05032013000016","USF","ENF",20150420
"2013","MCCABE","2013MCCABE",1,"CDF052013000000","CDF","LNU",20150530
"2013","MOUNTAIN","2013MOUNTAIN",1,"CDF05122013000057","CDF","RRU",0
"2013","PANTHER","2013PANTHER",2,"CDF05062013000000","CDF","BTU",0
"2013","POWER","2013POWER",1,"USF05162013000023","USF","STF",0
"2013","POWERHOUSE","2013POWERHOUSE",1,"USF05012013002297","USF","ANF",20130110
"2013","RIDGE/HEIGHTS","2013RIDGE_HEIGHTS",2,"USF05112013000072","USF","PNF",20150420
"2013","RIM","2013RIM",2,"USF05162013000006","USF","STF",20141105
"2013","SALMON RIVER CMPLX","2013SALMON_RIVER_CMPLX",1,"USF05052013005561","USF","KNF",20130110
"2013","SHIRLEY","2013SHIRLEY",1,"USF05132013000035","USF","SQF",20150420
"2013","SILVER","2013SILVER",1,"CDF05122013000081","CDF","RRU",20130110
"2013","SUMMIT","2013SUMMIT",1,"CDF05122013000000","CDF","RRU",20150417
"2013","SWEDES","2013SWEDES",2,"CDF052013000000","CDF","BTU",20150530
"2013","WHITE","2013WHITE",1,"USF05072013000000","USF","LPF",20150417
"2013","WINDY PEAK","2013WINDY_PEAK",2,"NPS05002013000113","NPS","KNP",20150420
"2014","BALD","2014BALD",1,"USF05062014000000","USF","LNF",20141105
"2014","BEAVER","2014BEAVER",2,"USF05052014000000","USF","KNF",20141105
"2014","CAMPBELL","2014CAMPBELL",1,"USF05062014000000","USF","LNF",0
"2014","COFFEE COMPLEX","2014COFFEE_CMPLX",2,"USF05142014000000","USF","SHF",0
"2014","COLBY","2014COLBY",1,"USF05012014000000","USF","ANF",0
"2014","COURTNEY FIRE","2014COURTNEY",1,"CDF052014000000","CDF","MMU",0
"2014","DARK HOLE","2014DARK_HOLE",1,"NPS05002014000057","NPS","YNP",20150918
"2014","DAY","2014DAY",2,"CDF052014000000","CDF","LMU",0
"2014","EILER","2014EILER",2,"USF05062014000000","USF","LNF",20141105
"2014","EL PORTAL","2014EL_PORTAL",2,"NPS05002014000000","NPS","YNP",20141105
"2014","FRENCH","2014FRENCH",2,"USF05152014000000","USF","SNF",20141105
"2014","GULCH","2014GULCH_CDF",1,"CDF052014000000","CDF","SHU",20151021
"2014","GULCH","2014GULCH_MDF",1,"USF05092014000000","USF","MDF",0
"2014","HAPPY CAMP CMPLX","2014HAPPY_CAMP_CMPLX",2,"USF05052014000000","USF","KNF",20141105
"2014","KING","2014KING",2,"CDF052014000000","CDF","AEU",20141105
"2014","LITTLE DEER","2014LITTLE_DEER",2,"USF05052014000000","USF","KNF",0
"2014","LOG","2014LOG",2,"USF05052014000000","USF","KNF",20141105
"2014","MEADOW","2014MEADOW",1,"NPS05002014000101","NPS","YNP",20150921
"2014","NICOLLS","2014NICOLLS",2,"USF05132014000000","USF","SQF",0
"2014","SHIRLEY","2014SHIRLEY",1,"USF05132014000000","USF","SQF",20150921
"2014","WAY","2014WAY",1,"CCO052014000000","CCO","KRN",20150921
"2014","WHITES","2014WHITES",2,"USF05052014000000","USF","KNF",20141105
"2015","BARKER","2015BARKER",1,"USF05142015000000","USF","SHF",0
"2015","BEAR","2015BEAR",1,"USF05102015000000","USF","SRF",0
"2015","BLUE","2015BLUE",1,"USF05142015000000","USF","SHF",0
"2015","BUCK","2015BUCK",1,"USF05102015000000","USF","SRF",0
"2015","BUTTE","2015BUTTE",1,"CDF052015000000","CDF","AEU",0
"2015","CABIN","2015CABIN",1,"USF05132015000000","USF","SQF",0
"2015","CASTLE","2015CASTLE",1,"USF05142015000000","USF","SHF",0
"2015","COON","2015COON",1,"USF05102015000000","USF","SRF",0
"2015","FROG","2015FROG",1,"USF05092015000000","USF","MDF",20150917
"2015","GOBBLER","2015GOBBLER",1,"USF05102015000000","USF","SRF",0
"2015","JOHNSON","2015JOHNSON",1,"USF05102015000000","USF","SRF",0
"2015","LAKE","2015LAKE",1,"USF05122015000000","USF","BDF",0
"2015","LASSIC","2015LASSIC",1,"USF05102015000000","USF","SRF",0
"2015","NICKOWITZ","2015NICKOWITZ",1,"USF05102015000000","USF","SRF",0
"2015","PATTISON","2015PATTISON",1,"USF05142015000000","USF","SHF",20150924
"2015","PEAK","2015PEAK_SHF",1,"USF05142015000000","USF","SHF",0
"2015","PEAK","2015PEAK_SRF",1,"USF05102015000000","USF","SRF",0
"2015","PICKETT","2015PICKETT",1,"USF05102015000000","USF","SRF",0
"2015","PINE","2015PINE",1,"USF05102015000000","USF","SRF",0
"2015","RAIL","2015RAIL",1,"USF05142015000000","USF","SHF",0
"2015","RIVER COMPLEX","2015RIVER_CMPLX",1,"USF05142015000000","USF","SHF",0
"2015","ROUGH","2015ROUGH",1,"USF05152015000000","USF","SNF",0
"2015","ROUND","2015ROUND",1,"USF05042015000000","USF","INF",0
"2015","SADDLE","2015SADDLE",1,"USF05142015000000","USF","SHF",20150917
"2015","SHIELL","2015SHIELL",1,"USF05142015000000","USF","SHF",20150917
"2015","TASSAJARA","2015TASSAJARA",1,"CDF052015000000","CDF","BEU",0
"2015","VALLEY","2015VALLEY",1,"CDF052015000000","CDF","SNU",0
"2015","WALKER","2015WALKER",1,"USF05042015000000","USF","INF",0
"2015","WASHINGTON","2015WASHINGTON",1,"USF05212015000000","USF","TOI",20150917
"2015","WILLOW","2015WILLOW",1,"USF05152015000000","USF","SNF",0
"2014","SODA","2014SODA",2,"USF05132014000000","USF","SQF",0
