"PlotID","Species","DBH","Height","L_Decay","Comments"
"C1030C","SNAG",60,12,"D2",NA
"C1030C","SNAG",60,5,"D4",NA
"C1030C","SNAG",60,11,"D3",NA
"C1030T","PIPJ",30,5.5,"L",NA
"C1030T","ABCO",NA,0.95,"L","Top killed--maybe in fire"
"C1031T","NONE",NA,NA,NA,NA
"C1026C","SNAG",105,5,"D5",NA
"C1026T","SNAG",45,4,"D4",NA
"C1026T","SNAG",45,5,"D4",NA
"C1026T","SNAG",15,7,"D2",NA
"C1026T","SNAG",15,3,"D4",NA
"C1026T","SNAG",30,3,"D4",NA
"C1023C","SNAG",60,11,"D4",NA
"C1023C","SNAG",60,11,"D4",NA
"C1023C","SNAG",15,4,"D3",NA
"C1023C","SNAG",30,15,"D3",NA
"C1023C","SNAG",45,15,"D3",NA
"C1023C","SNAG",60,3,"D3",NA
"C1023C","SNAG",105,20,"D3",NA
"C1023C","SNAG",15,6,"D3",NA
"C1023T","SNAG",15,9,"D3",NA
"C1023T","SNAG",45,3,"D3",NA
"C1023T","SNAG",3,6,"D4",NA
"C1020C","SNAG",15,10,"D3",NA
"C1020C","SNAG",15,10,"D3",NA
"C1020C","SNAG",15,10,"D3",NA
"C1020C","SNAG",30,7,"D3",NA
"C1020C","SNAG",30,3,"D4",NA
"C1020C","SNAG",30,5,"D4",NA
"C1020C","SNAG",30,15,"D3",NA
"C1020C","SNAG",30,12,"D4",NA
"C1020C","SNAG",30,12,"D4",NA
"C1020C","SNAG",15,7,"D4",NA
"C1020C","SNAG",30,4,"D3",NA
"C1020T","SNAG",30,4,"D4",NA
"C1020T","SNAG",30,9,"D3",NA
"C1020T","SNAG",45,20,"D2",NA
"C1020T","SNAG",30,10,"D3",NA
"C1020T","SNAG",15,6,"D2",NA
"C1020T","SNAG",60,15,"D2",NA
"C1020T","SNAG",15,6,"D3",NA
"C1020T","SNAG",30,4,"D4",NA
"C1020T","SNAG",30,10,"D2",NA
"C1032T","SNAG",30,7,"D4",NA
"C1032T","SNAG",45,6,"D4",NA
"C1032T","SNAG",45,5,"D4",NA
"C1032T","SNAG",60,6,"D4",NA
"C1032T","SNAG",60,10,"D4",NA
"C1032T","SNAG",45,3,"D4",NA
"C1032T","SNAG",75,4,"D4",NA
"C1032T","SNAG",45,7,"D4",NA
"C1032T","SNAG",15,5,"D3",NA
"C1032T","SNAG",60,5,"D4",NA
"C1032T","SNAG",45,6,"D4",NA
"C1032T","SNAG",45,6,"D4",NA
"C1032T","SNAG",30,5,"D4",NA
"C1032T","SNAG",30,5,"D4",NA
"C1032T","SNAG",15,7,"D3",NA
"C1032T","SNAG",60,7,"D4",NA
"C1032C","SNAG",30,5,"D4",NA
"C1032C","SNAG",30,4,"D4",NA
"C1032C","SNAG",45,6,"D4",NA
"C1032C","SNAG",30,10,"D3",NA
"C1029T","SNAG",60,5,"D3",NA
"C1029T","SNAG",30,5,"D4",NA
"C1029T","SNAG",30,4,"D4",NA
"C1029T","SNAG",45,4,"D4",NA
"C1029T","SNAG",30,3,"D4",NA
"C1029T","SNAG",45,5,"D4",NA
"C1029T","SNAG",75,10,"D4",NA
"C1029C","SNAG",60,4,"D4",NA
"C1029C","SNAG",15,3,"D3",NA
"C1029C","SNAG",45,5,"D4",NA
"C1029C","SNAG",45,15,"D4",NA
"C1029C","SNAG",60,15,"D3",NA
"C1029C","SNAG",30,4,"D5",NA
"C1029C","SNAG",30,6,"D4",NA
"C1029C","SNAG",45,5,"D3",NA
"C1029C","SNAG",60,10,"D4",NA
"C1031C","SNAG",75,3,"D4",NA
"C1031C","SNAG",45,19,"D4",NA
"C1031C","SNAG",30,6,"D4",NA
"C1040T","SNAG",60,10,"D3",NA
"C1040T","SNAG",60,6,"D4",NA
"C1040T","SNAG",45,5,"D4",NA
"C1040T","SNAG",30,10,"D3",NA
"C1040T","SNAG",60,5,"D4",NA
"C1040T","SNAG",75,7,"D4",NA
"C1040T","SNAG",75,3,"D4",NA
"C1040T","SNAG",105,30,"D3",NA
"C1040T","SNAG",120,30,"D3",NA
"C1040T","SNAG",30,4,"D4",NA
"C1040T","SNAG",30,4,"D4",NA
"A4013C","SNAG",45,20,"D2",NA
"A4013C","SNAG",75,18,"D3",NA
"A4013C","SNAG",75,15,"D3",NA
"A4013C","SNAG",15,5,"D4",NA
"A4013C","SNAG",30,5,"D4",NA
"A4013C","SNAG",60,12,"D3",NA
"A4013C","SNAG",60,10,"D3",NA
"A4013C","SNAG",60,10,"D3",NA
"A4013C","SNAG",45,7,"D4",NA
"A4013C","SNAG",30,4,"D4",NA
"A4013C","SNAG",60,5,"D4",NA
"A4013C","SNAG",15,6,"D4",NA
"A4013T","SNAG",30,15,"D4",NA
"A4013T","SNAG",45,4,"D4",NA
"A4013T","SNAG",30,5,"D4",NA
"A4013T","SNAG",15,4,"D3",NA
"A4013T","SNAG",15,5,"D4",NA
"A4013T","SNAG",30,6,"D4",NA
"A4013T","SNAG",30,4,"D4",NA
"A4013T","SNAG",30,8,"D4",NA
"A4060C","SNAG",15,4,"D2",NA
"A4060C","SNAG",15,5,"D2",NA
"A4060T","SNAG",45,15,"D3",NA
"A4060T","SNAG",45,4,"D4",NA
"A4060T","CADE",30,15,"D2",NA
"A4060T","SNAG",45,5,"D4",NA
"A4060T","SNAG",45,6,"D4",NA
"A4060T","SNAG",60,5,"D4",NA
"A4060T","SNAG",45,8,"D4",NA
"A4060T","SNAG",60,20,"D3",NA
"A4060T","SNAG",15,3,"D3",NA
"A4060T","SNAG",15,3,"D3",NA
"A4060T","SNAG",30,5,"D4",NA
"A4060T","SNAG",15,5,"D3",NA
"A4060T","SNAG",15,5,"D3",NA
"A4060T","SNAG",15,6,"D3",NA
"A4060T","SNAG",15,6,"D3",NA
"A4060T","SNAG",15,7,"D3",NA
"A4060T","SNAG",15,8,"D3",NA
"A4060T","SNAG",15,8,"D3",NA
"A4060T","SNAG",15,15,"D3",NA
"A4060T","SNAG",15,9,"D3",NA
"A4014C","SNAG",60,4,"D4",NA
"A4014C","SNAG",60,6,"D4",NA
"A4014C","SNAG",30,6,"D4",NA
"A4014C","SNAG",60,3,"D4",NA
"A4014C","SNAG",75,4,"D4",NA
"A4014C","SNAG",45,5,"D4",NA
"A4014C","SNAG",15,11,"D4",NA
"A4014T","SNAG",45,9,"D4",NA
"A4014T","SNAG",75,9,"D4",NA
"A4014T","SNAG",45,4,"D4",NA
"A4014T","SNAG",30,4,"D4",NA
"A4014T","SNAG",60,15,"D4",NA
"A4014T","SNAG",45,4,"D4",NA
"A4014T","SNAG",15,10,"D3",NA
"A4014T","SNAG",60,4,"D4",NA
"A4014T","SNAG",60,5,"D4",NA
"A4014T","SNAG",60,3,"D5",NA
"A4014T","SNAG",75,19,"D3",NA
"A4014T","SNAG",15,6,"D3",NA
"A4014T","SNAG",75,6,"D4",NA
"A4022C","SNAG",105,8,"D4",NA
"A4022C","SNAG",45,3,"D4",NA
"A4022C","SNAG",15,12,"D3",NA
"A4022C","SNAG",15,9,"D3",NA
"A4022C","SNAG",45,4,"D4",NA
"A4022C","SNAG",60,6,"D4",NA
"A4022C","SNAG",75,20,"D4",NA
"A4022C","SNAG",45,3,"D4",NA
"A4022C","SNAG",45,3,"D4",NA
"A4022C","SNAG",15,9,"D2",NA
"A4022C","SNAG",45,9,"D4",NA
"B1003T","CADE",15,3,"D3",NA
"B1003T","QUCH",60,21,"D3",NA
"B1003T","QUCH",60,20,"D3",NA
"B1003T","QUCH",45,15,"D3",NA
"B1018C","QUKE",90,35,"D3",NA
"B1018C","QUCH",15,6,"D3",NA
"B1018C","CADE",30,8,"D3",NA
"B1018C","CADE",15,3,"D2",NA
"B1018C","QUCH",15,3.5,"D4",NA
"B1018C","QUCH",15,4,"D4",NA
"B1018C","QUCH",15,5,"D4",NA
"B1018C","CADE",15,3,"D3",NA
"B1018C","CADE",30,15,"D3",NA
"B1018C","QUCH",45,5.5,"D4",NA
"B1018C","QUCH",45,10,"D3",NA
"B1018C","CADE",45,5,"D3",NA
"B1018C","CADE",30,15,"D3",NA
"B1018T","NONE",NA,NA,NA,NA
"B1016C","SNAG",160,5,"D5",NA
"B1016C","CADE",53,22,"L",NA
"B1016C","CADE",68,25,"L",NA
"B1016C","QUKE",51,16,"L",NA
"B1016C","CADE",15,8,"D3",NA
"B1016C","CADE",30,17,"D3",NA
"B1016C","SNAG",60,17,"D3",NA
"B1016C","SNAG",60,18,"D2",NA
"D1000C","SNAG",15,9,"D2",NA
"D1000C","SNAG",15,8,"D2",NA
"D1000C","SNAG",30,5,"D5",NA
"D1000C","QUCH",15,4,"D3",NA
"D1001T","SNAG",60,15,"D4",NA
"D1001T","SNAG",30,6,"D4",NA
"D1001T","SNAG",30,8,"D4",NA
"D1001T","SNAG",30,10,"D4",NA
"D1001T","SNAG",15,10,"D2",NA
"D1001T","SNAG",30,6,"D4",NA
"D1001T","SNAG",45,5,"D5",NA
"D1001T","SNAG",15,8,"D2",NA
"D1001C","SNAG",15,13,"D2",NA
"D1001C","SNAG",75,5,"D5",NA
"D1001C","SNAG",30,9,"D4",NA
"D1013C","SNAG",105,28,"D2",NA
"D1018T","SNAG",60,8,"D4",NA
"D1018T","SNAG",15,5,"D3",NA
"D1018T","SNAG",90,3,"D4",NA
"D1018C","NONE",NA,NA,NA,NA
"D1013T","NONE",NA,NA,NA,NA
"D1005T","PIPJ",102,30,"L",NA
"D1005T","SNAG",15,3,"D3",NA
"D1005T","SNAG",15,6,"D3",NA
"D1005T","SNAG",30,3,"D3",NA
"D1005T","SNAG",30,6,"D4",NA
"D1005T","SNAG",30,4,"D4",NA
"D1005T","SNAG",30,5,"D4",NA
"D1005C","QUKE",15,8,"D2",NA
"D1005C","QUKE",15,11,"D2",NA
"D1005C","QUKE",15,11,"D2",NA
"D1005C","QUKE",15,7,"D2",NA
"D1005C","QUKE",15,12,"D2",NA
"D1005C","QUKE",15,10,"D2",NA
"D1005C","QUKE",15,13,"D2",NA
"D1005C","QUKE",15,6,"D3",NA
"D1005C","QUKE",15,10,"D3",NA
"D1005C","QUKE",15,12,"D3",NA
"D1005C","QUKE",15,10,"D3",NA
"D1005C","QUKE",15,7,"D3",NA
"D1005C","QUKE",30,8,"D3",NA
"D1005C","QUKE",30,5,"D3",NA
"D1005C","QUKE",15,10,"D2",NA
"D1005C","QUKE",30,15,"D2",NA
"B1019C","CADE",30,10,"D3",NA
"B1019C","CADE",30,9,"D3",NA
"B1019C","CADE",45,15,"D2",NA
"B1019C","CADE",30,5,"D3",NA
"B1019C","QUCH",45,13,"D3",NA
"B1019T","CADE",30,13,"D2",NA
"B1019T","CADE",15,4,"D3",NA
"B1019T","QUCH",30,3,"D4",NA
"B1019T","QUCH",30,10,"D2",NA
"B1019T","QUCH",15,7,"D3",NA
"B1019T","QUCH",15,7,"D3",NA
"B1014T","CADE",30,10,"D3",NA
"B1009T","SNAG",75,20,"D3",NA
"B1009T","SNAG",15,8,"D3",NA
"B1009T","SNAG",60,25,"D2",NA
"D1010C","SNAG",75,11,"D4",NA
"D1010C","SNAG",15,8,"D5",NA
"A4017C","NONE",NA,NA,NA,NA
"A4017T","SNAG",15,7,"D2",NA
"A4017T","SNAG",45,10,"D4",NA
"A4017T","SNAG",120,9,"D5",NA
"A4017T","SNAG",105,9,"D4",NA
"A4025T","SNAG",15,8,"D3",NA
"A4025T","SNAG",15,10,"D3",NA
"A4025T","SNAG",15,10,"D3",NA
"A4025T","SNAG",60,3,"D5",NA
"A4025T","SNAG",15,4,"D3",NA
"A4025T","SNAG",105,14,"D4",NA
"A4025T","SNAG",15,13,"D3",NA
"A4025C","SNAG",45,3,"D4",NA
"A4025C","SNAG",90,30,"D2",NA
"A4025C","SNAG",90,4,"D5",NA
"A4025C","SNAG",75,3,"D5",NA
"A4025C","SNAG",45,5,"D4",NA
"A4057C","ABCO",49.2,18.2,"L","Might be ABMA/ABCO hybrid"
"A4057C","ABCO",49.6,19.8,"L",NA
"A4057C","SNAG",15,7,"D2",NA
"A4057C","SNAG",60,12,"D2",NA
"A4057T","SNAG",60,7,"D5",NA
"A4057T","SNAG",45,13,"D4",NA
"A4057T","SNAG",30,6,"D5",NA
"A4057T","SNAG",30,7,"D4",NA
"C2001C","PSME",33.3,18,"L",NA
"C2001C","SNAG",15,4,"D3",NA
"C2001C","SNAG",15,5,"D4",NA
"C2001C","SNAG",60,4,"D4",NA
"C2001C","SNAG",5,6,"D3",NA
"C2001C","SNAG",30,10,"D3",NA
"C2001C","SNAG",45,16,"D3",NA
"C2001C","SNAG",15,6,"D3",NA
"C2001C","SNAG",30,17,"D3",NA
"C2001C","SNAG",45,14,"D3",NA
"C2001C","SNAG",45,6,"D4",NA
"C2001C","SNAG",15,6,"D4",NA
"C2001C","SNAG",45,7,"D4",NA
"C2001C","SNAG",30,4,"D4",NA
"C2001C","PSME",36,17,"L",NA
"C2001C","PSME",33,15,"L",NA
"C2001C","PSME",39.1,18,"L",NA
"C2001C","PIPJ",37.2,12,"L",NA
"C2001T","SNAG",45,17,"D2",NA
"C2001T","SNAG",60,18,"D2",NA
"C2001T","SNAG",15,7,"D3",NA
"C2001T","SNAG",30,10,"D2",NA
"C2001T","SNAG",45,9,"D2",NA
"C2001T","SNAG",15,8,"D2",NA
"C2001T","SNAG",15,7,"D2",NA
"C2001T","SNAG",60,20,"D3",NA
"C2001T","SNAG",60,18,"D2",NA
"C2001T","SNAG",30,14,"D2",NA
"C2001T","SNAG",15,14,"D2",NA
"C2001T","SNAG",10,7,"D4",NA
"C2001T","SNAG",30,15,"D2",NA
"C2001T","SNAG",30,7,"D4",NA
"C2001T","SNAG",15,6,"D4",NA
"C2006C","SNAG",60,3,"D4",NA
"C2006C","PILA",73.5,24.2,"L",NA
"C2006T","ABCO",NA,84,"L","= 22 bud scars"
"C2006T","ABCO",NA,57,"L","= 20 bud scars"
"C2006T","ABCO",NA,83,"L","= 23 bud scars"
"C2006T","SNAG",30,6,"D4",NA
"C2006T","SNAG",30,4,"D4",NA
"C2006T","SNAG",30,4,"D4",NA
"C2006T","ABCO",15,4.2,"L",NA
"A4022T","SNAG",135,18,"D3",NA
"A4022T","SNAG",75,30,"D3",NA
"A4022T","SNAG",30,20,"D3",NA
"A4022T","SNAG",45,4,"D4",NA
"A4022T","SNAG",30,10,"D3",NA
"A4022T","SNAG",45,20,"D2",NA
"A4022T","SNAG",15,3,"D3",NA
"A4022T","SNAG",30,15,"D3",NA
"A4168C","SNAG",30,4,"D4",NA
"A4168C","SNAG",75,3,"D4",NA
"A4168C","SNAG",60,7,"D4",NA
"A4168C","SNAG",60,15,"D3",NA
"A4168C","SNAG",45,50,"D3",NA
"A4168C","SNAG",45,15,"D2",NA
"A4168C","SNAG",15,15,"D2",NA
"A4168C","SNAG",75,5,"D4",NA
"A4168C","SNAG",15,3,"4",NA
"A4168C","SNAG",135,7,"D5",NA
"A4168C","SNAG",45,4,"D4",NA
"A4168C","SNAG",60,3,"D4",NA
"A4168C","SNAG",60,10,"D4",NA
"A4168T","SNAG",105,20,"D3",NA
"A4168T","SNAG",15,4,"D2",NA
"A4168T","SNAG",30,10,"D3",NA
"A4168T","SNAG",45,4,"D4",NA
"A4168T","SNAG",60,5,"D4",NA
"A4168T","SNAG",90,10,"D4",NA
"A4168T","SNAG",15,6,"D3",NA
"A4168T","SNAG",75,15,"D4",NA
"A4168T","SNAG",45,9,"D4",NA
"A4168T","SNAG",75,15,"D3",NA
"A4168T","SNAG",15,8,"D3",NA
"A4168T","SNAG",75,11,"D4",NA
"A4168T","SNAG",75,3,"D4",NA
"A4172C","PIPJ",60,5,"D5",NA
"A4172T","SNAG",30,3,"D5",NA
"A4176C","NONE",NA,NA,NA,NA
"A4176T","SNAG",30,4,"D3",NA
"A4177T","SNAG",30,4,"D5",NA
"A4177T","SNAG",15,10,"D2",NA
"A4177T","SNAG",15,5,"D3",NA
"A4177T","SNAG",15,6,"D4",NA
"A4177T","SNAG",15,4,"D5",NA
"B1015C","QUKE",60,6,"D4",NA
"B1015C","CADE",60,30,"D2",NA
"B1015C","CADE",15,4,"D3",NA
"B1015C","CADE",15,3,"D3",NA
"B1015C","CADE",15,5,"D3",NA
"B1015C","CADE",15,9,"D3",NA
"B1015C","CADE",15,4,"D2",NA
"B1015C","CADE",75,17,"D3",NA
"B1015C","CADE",15,3,"D3",NA
"B1015C","CADE",15,6,"D3",NA
"B1015T","QUCH",45,12,"D2",NA
"D1017C","SNAG",15,3,"D2",NA
"D1017C","SNAG",30,4,"D4",NA
"D1017C","SNAG",60,3,"D4",NA
"D1017T","SNAG",15,11,"D3",NA
"D1017T","SNAG",45,11,"D4",NA
"D1017T","SNAG",15,5,"D5",NA
"D1017T","SNAG",30,3,"D6",NA
"D1017T","SNAG",45,3,"D7",NA
"D1017T","SNAG",45,5,"D8",NA
"D1025C","SNAG",45,4,"D4",NA
"D1025C","SNAG",75,5,"D4",NA
"D1025C","SNAG",15,5,"D4",NA
"D1025T","SNAG",45,9,"D5",NA
"D1025T","SNAG",45,5,"D6",NA
"D1025T","SNAG",30,5.5,"D7",NA
"D1025T","SNAG",60,6,"D8",NA
"D1025T","SNAG",60,3,"D9",NA
"D1097C","QUKE",13.5,6,"L","5% DEAD"
"D1097C","QUKE",10,6,"L","40% DEAD"
"D1097C","SNAG",15,9,"D2",NA
"D1006C","QUKE",15,8,"D2",NA
"D1006C","QUKE",30,7,"D2",NA
"D1006C","QUKE",30,10,"D2",NA
"D1006C","QUKE",30,10,"D2",NA
"D1006C","FIR",30,8,"D2",NA
"D1006C","FIR",15,8,"D2",NA
"D1006C","QUKE",30,6,"D2",NA
"D1006T","SNAG",45,3,"D4",NA
"D1006T","SNAG",45,3,"D5",NA
"D1008T","SNAG",60,23,"D2",NA
"D1008T","SNAG",75,30,"D2",NA
"D1008T","SNAG",60,23,"D3",NA
"D1008T","SNAG",75,7,"D5",NA
"D1008T","SNAG",75,30,"D2",NA
"D1009T","NONE",NA,NA,NA,NA
"B1014T","CADE",60,15,"D2",NA
"B1009C","QUKE",45,22,"D3",NA
"B1009C","SNAG",75,11,"D4",NA
"D1010T","ABMA",71.4,27.1,"L",NA
"D1010T","SNAG",45,6.5,"D4",NA
"D1010T","SNAG",75,8,"D4",NA
"D1010T","SNAG",60,3,"D5",NA
"D1010T","SNAG",90,23,"D2",NA
"D1010T","SNAG",45,4,"D4",NA
"E0039I","SNAG",30,8,"D4",NA
"E0039I","SNAG",15,4,"D4",NA
"E0039I","SNAG",15,5,"D5",NA
"E0039I","SNAG",15,4,"D4",NA
"E0039I","SNAG",15,5,"D4",NA
"E0046I","NONE",NA,NA,NA,NA
"E0051I","NONE",NA,NA,NA,NA
"E0049I","SNAG",30,7,"D4",NA
"E0049I","SNAG",15,4.5,"D4",NA
"E0049I","SNAG",16,3,"D4",NA
"E0049I","SNAG",17,3,"D4",NA
"E0052I","NONE",NA,NA,NA,NA
"E0043I","NONE",NA,NA,NA,NA
"E0087C","NONE",NA,NA,NA,NA
"E0090T","NONE",NA,NA,NA,NA
"E0090C","SNAG",75,4,"D4",NA
"E0087T","NONE",NA,NA,NA,NA
"E0078T","SNAG",36,3,"D5",NA
"E0078C","SNAG",60,4,"D5",NA
"E0078C","SNAG",45,4,"D5",NA
"E0072T","NONE",NA,NA,NA,NA
"E0072C","NONE",NA,NA,NA,NA
"E2001I","NONE",NA,NA,NA,NA
"E0063I","NONE",NA,NA,NA,NA
"E0062I","NONE",NA,NA,NA,NA
"E0060I","SNAG",45,9,"D5",NA
"E0060I","SNAG",30,7,"D3",NA
"E0065I","NONE",NA,NA,NA,NA
"E0066I","NONE",NA,NA,NA,NA
"E0061I","NONE",NA,NA,NA,NA
"E0055I","NONE",NA,NA,NA,NA
"E0050I","NONE",NA,NA,NA,NA
"E0064I","NONE",NA,NA,NA,NA
"E0068T","SNAG",45,3,"D5",NA
"E0069T","SNAG",45,3,"D5",NA
"E0069T","SNAG",60,22,"D4",NA
"E0069C","ABMA",90,4,"D4",NA
"E0068C","SNAG",60,3,"D5",NA
"E0045I","SNAG",45,3,"D5",NA
"A1140C","FIR",15,9,"D2",NA
"A1140C","FIR",15,15,"D2",NA
"A1140C","SNAG",15,3,"D2",NA
"A1140C","SNAG",15,4,"D3",NA
"A1140C","SNAG",15,6,"D3",NA
"A1140C","SNAG",15,8,"D3",NA
"A1140C","SNAG",45,6,"D4",NA
"A1140C","SNAG",15,4,"D2",NA
"A1140C","SNAG",45,5,"D4",NA
"A2025T","SNAG",120,5.5,"D5",NA
"A2025T","SNAG",105,5.5,"D4",NA
"A2025T","SNAG",30,6.7,"D3",NA
"A2025T","SNAG",15,4,"D3",NA
"A2025T","SNAG",15,5,"D3",NA
"A2025T","SNAG",15,6.2,"D3",NA
"A2025T","SNAG",15,4.5,"D3",NA
"A2025T","SNAG",15,4,"D4",NA
"A2025T","SNAG",15,4.6,"D3",NA
"A2025C","SNAG",165,56.5,"D2",NA
"A2025C","SNAG",135,27.3,"D4",NA
"A2025C","SNAG",15,10.7,"D3",NA
"A2025C","SNAG",15,5,"D2",NA
"A2025C","SNAG",45,20.9,"D2",NA
"A2025C","SNAG",30,3.7,"D4",NA
"A2025C","SNAG",15,4,"D2",NA
"A2025C","SNAG",15,4.2,"D2",NA
"A2026T","SNAG",15,10,"D2",NA
"A2026T","SNAG",15,15,"D2",NA
"A2026T","SNAG",45,10,"D4",NA
"A2026T","SNAG",75,10,"D4",NA
"A2026T","SNAG",60,5,"D4",NA
"A2026T","SNAG",30,15,"D3",NA
"A2026T","SNAG",15,4,"D3",NA
"A2026T","SNAG",45,10,"D3",NA
"A2026T","SNAG",45,10,"D3",NA
"A2026T","SNAG",60,15,"D3",NA
"A2026T","SNAG",30,7,"D4",NA
"A2026T","SNAG",15,10,"D2",NA
"A2026T","SNAG",60,15,"D4",NA
"A2026C","NONE",NA,NA,NA,NA
"A2029T","SNAG",30,10,"D3",NA
"A2029T","SNAG",15,5,"D3",NA
"A2029T","SNAG",15,9,"D3",NA
"A2029T","SNAG",60,20,"D3",NA
"A2029T","SNAG",15,10,"D3",NA
"A2029T","SNAG",60,4,"D4",NA
"A2029T","SNAG",90,20,"D3",NA
"A2029T","SNAG",75,20,"D3",NA
"A2029T","SNAG",15,4,"D3",NA
"A2029T","SNAG",15,6,"D3",NA
"A2029T","SNAG",15,4,"D4",NA
"A2029T","SNAG",15,6,"D4",NA
"A2029C","SNAG",30,5,"D4",NA
"A2029C","SNAG",30,5,"D4",NA
"A2029C","SNAG",30,5,"D4",NA
"A2029C","SNAG",15,10,"D3",NA
"A2029C","SNAG",15,3,"D3",NA
"A2029C","SNAG",45,10,"D3",NA
"A2029C","SNAG",30,10,"D4",NA
"A2030C","SNAG",15,8,"D2",NA
"A2030C","SNAG",15,7,"D3",NA
"A2030C","SNAG",15,15,"D3",NA
"A2030C","SNAG",30,15,"D3",NA
"A2030C","SNAG",15,4,"D3",NA
"A2030C","SNAG",15,4,"D3",NA
"A2030C","SNAG",15,10,"D3",NA
"A2030C","SNAG",45,10,"D4",NA
"A2030C","SNAG",15,9,"D3",NA
"A2030C","SNAG",15,3,"D4",NA
"A2030C","SNAG",45,5,"D4",NA
"A2030C","SNAG",30,20,"D3",NA
"A2030C","SNAG",60,15,"D4",NA
"A2030C","SNAG",30,20,"D2",NA
"A2030C","SNAG",15,5,"D3",NA
"A2030C","SNAG",15,10,"D2",NA
"A2030C","SNAG",15,10,"D2",NA
"A2030C","SNAG",15,15,"D2",NA
"A2030C","SNAG",15,3,"D4",NA
"A2030T","SNAG",30,14,"D2",NA
"A2030T","SNAG",45,6,"D3",NA
"A2031T","FIR",45,4,"D3",NA
"A2031T","FIR",45,7,"D3",NA
"A2031T","CADE",30,7,"D2",NA
"A2031C","PIPJ",102,47.5,"L",NA
"A2031C","PIPJ",35,16,"L",NA
"A2035T","SNAG",60,10.4,"D3",NA
"A2035T","SNAG",75,8.3,"D4",NA
"A2035T","SNAG",45,7,"D3",NA
"A2035T","SNAG",30,5,"D4",NA
"A2035T","SNAG",30,14,"D3",NA
"A2035T","SNAG",15,4,"D3",NA
"A2035C","SNAG",60,27,"D2",NA
"A2035C","SNAG",45,4,"D4",NA
"A2035C","SNAG",45,20,"D2",NA
"A2035C","SNAG",45,5,"D4",NA
"A2035C","SNAG",15,7,"D3",NA
"A2039T","CADE",45,15,"D2",NA
"A2039T","FIR",30,8,"D3",NA
"A2039T","SNAG",45,4,"D4",NA
"A2039T","SNAG",45,5,"D4",NA
"A2039T","SNAG",45,9,"D3",NA
"A2039C","NONE",NA,NA,NA,NA
"A2040T","NONE",NA,NA,NA,NA
"A2040C","NONE",NA,NA,NA,NA
"A2041T","PIPJ",13.6,3.6,"L",NA
"A2041T","PIPJ",18.3,5.6,"L",NA
"A2041T","SNAG",45,9,"D3",NA
"A2041C","NONE",NA,NA,NA,NA
"A4247C","SNAG",15,4,"D3",NA
"A4247C","SNAG",90,4,"D4",NA
"A4247C","SNAG",75,7,"D5",NA
"A4247C","SNAG",60,6,"D5",NA
"A4247C","SNAG",15,5,"D2",NA
"A4247C","SNAG",60,4,"D4",NA
"A4247C","PIPJ",51.7,25,"L",NA
"A4247C","SNAG",45,20,"D2",NA
"A4247C","SNAG",60,16,"D3",NA
"A4247C","SNAG",45,5,"D4",NA
"A4247C","SNAG",45,6,"D3",NA
"A4247C","SNAG",15,7,"D3",NA
"A4247C","SNAG",15,4,"D2",NA
"A4247C","SNAG",60,25,"D2",NA
"A4245T","SNAG",15,3,"D4",NA
"A4245T","SNAG",15,7,"D3",NA
"A4245T","SNAG",90,30,"D2",NA
"A4245T","SNAG",15,7,"D3",NA
"A4245T","SNAG",30,11,"D2",NA
"A4245T","SNAG",15,14,"D2",NA
"A4245T","SNAG",15,3,"D2",NA
"A4245T","SNAG",15,3,"D2",NA
"A4245T","SNAG",30,5,"D4",NA
"A4245C","SNAG",15,8,"D3",NA
"A4245C","SNAG",135,30,"D2",NA
"A4245C","SNAG",30,13,"D2",NA
"A4245C","SNAG",60,12,"D3",NA
"A4205I","NONE",NA,NA,NA,NA
"A4203I","SNAG",15,6,"D3",NA
"A4203I","SNAG",15,5,"D3",NA
"A4203I","SNAG",15,8,"D3",NA
"A4203I","SNAG",15,10,"D3",NA
"A4203I","SNAG",15,9,"D3",NA
"A4203I","SNAG",15,6,"D2",NA
"A4203I","SNAG",15,6,"D2",NA
"A4203I","SNAG",15,5,"D3",NA
"A4203I","SNAG",15,3,"D3",NA
"A4203I","SNAG",15,3,"D3",NA
"A4203I","SNAG",15,3,"D3",NA
"A4204I","SNAG",15,5,"D3",NA
"A4204I","SNAG",15,4,"D3",NA
"A4177C","PIPJ",11.7,7,"L",NA
"A4177C","PIPJ",13.1,7,"L",NA
"A4177C","PIPJ",16,7.5,"L",NA
"A4177C","PIPJ",15.5,7.5,"L",NA
"A4177C","PIPJ",7.5,5,"L",NA
"A4177C","PIPJ",8.5,6,"L",NA
"A4249T","SNAG",30,9,"D4",NA
"A4249T","SNAG",45,6,"D4",NA
"A4249T","SNAG",30,4,"D5",NA
"A4249C","CADE",15,4,"D2",NA
"A4249C","CADE",15,5,"D2",NA
"A4249C","SNAG",30,3,"D4",NA
"A4249C","SNAG",30,3,"D4",NA
"A4249C","SNAG",30,3,"D3",NA
"B1023T","PIPO",135,25,"D3",NA
"B1023T","CADE",30,6,"D2",NA
"B1023T","PIPO",90,5,"D4",NA
"B1026C","SNAG",15,6,"D2",NA
"B1026T","NONE",NA,NA,NA,NA
"B1024T","QUCH",45,5.25,"D4","From same oak"
"B1024T","QUCH",30,4.5,"D4","From same oak"
"B1024T","QUCH",45,4,"D4","From same oak"
"B1024T","QUCH",45,5.5,"D4",NA
"B1024T","CADE",15,4,"D2",NA
"B1024C","QUKE",30,10,"D3",NA
"B1024C","QUCH",45,5,"D3",NA
"B1024C","QUCH",45,8,"D3",NA
"B1024C","SNAG",45,3,"D5",NA
"A1096C","SNAG",15,6,"D2",NA
"A1096C","SNAG",45,4,"D4",NA
"A1096C","SNAG",15,10,"D3",NA
"A1096C","SNAG",15,8,"D2",NA
"A1096C","SNAG",15,10,"D3",NA
"A1096C","SNAG",15,6,"D3",NA
"A1096C","SNAG",45,5,"D4",NA
"A1096C","SNAG",15,4,"D4",NA
"A1096C","SNAG",15,8,"D3",NA
"A1096C","SNAG",60,6,"D3",NA
"A1096C","SNAG",15,7,"D3",NA
"A1096C","SNAG",75,8,"D3",NA
"A1096C","SNAG",45,3,"D3",NA
"A1096C","SNAG",15,4,"D3",NA
"A1096C","SNAG",45,15,"D3",NA
"A1096C","SNAG",60,8,"D3",NA
"A1096C","SNAG",15,4,"D3",NA
"A1096C","SNAG",45,3,"D4",NA
"A1096C","SNAG",45,3,"D4",NA
"A1096C","SNAG",45,9,"D4",NA
"A1096C","SNAG",45,4,"D3",NA
"A1096C","SNAG",15,8,"D2",NA
"A1157T","SNAG",15,3,"D2",NA
"A1157T","SNAG",15,5,"D2",NA
"A1157T","SNAG",15,5,"D2",NA
"A1157T","SNAG",15,7,"D2",NA
"A1157T","SNAG",45,7,"D3",NA
"A1157T","PSME",45,20,"L",NA
"A1157T","SNAG",30,8,"D3",NA
"A1157T","SNAG",15,5,"D2",NA
"A1157T","SNAG",45,20,"D2",NA
"A1157T","PSME",60,20,"L",NA
"A1157T","SNAG",75,15,"D2",NA
"A1157C","SNAG",30,4,"D3",NA
"A1157C","SNAG",15,5,"D2",NA
"A1157C","SNAG",30,3,"D4",NA
"A1157C","SNAG",30,10,"D3",NA
"A1157C","SNAG",30,4,"D4",NA
"A1157C","SNAG",15,6,"D3",NA
"A1157C","SNAG",15,8,"D3",NA
"A1157C","SNAG",15,7,"D3",NA
"A1157C","SNAG",30,4,"D4",NA
"A1157C","SNAG",15,4,"D3",NA
"A1096T","SNAG",45,5,"D4",NA
"A1096T","SNAG",30,4,"D4",NA
"A1096T","SNAG",15,5,"D2",NA
"A1096T","SNAG",60,5,"D4",NA
"A1096T","SNAG",15,7,"D3",NA
"A1096T","SNAG",15,5,"D2",NA
"A1096T","SNAG",60,4,"D4",NA
"A1096T","SNAG",60,4,"D4",NA
"A1096T","SNAG",15,4,"D3",NA
"A1096T","SNAG",15,4,"D3",NA
"A1096T","SNAG",15,6,"D2",NA
"A1096T","SNAG",45,6,"D4",NA
"B1022T","QUKE",30,10,"D3",NA
"B1022T","CADE",30,8,"D3",NA
"B1022T","CADE",38,7,"D3",NA
"B1004C","CADE",30.4,15,"L",NA
"B1004T","PIPO",69.7,37.2,"L",NA
"B1025C","CADE",15,3,"L",NA
"B1025C","QUKE",45,10,"D3",NA
"B1025C","QUKE",45,10,"D3",NA
"B1025C","SNAG",75,5,"D3",NA
"B1025C","CADE",45,15,"D2",NA
"B1025C","CADE",30,8,"D2",NA
"B1025C","SNAG",75,15,"D3",NA
"B1025C","CADE",15,3,"D2",NA
"B1025T","NONE",NA,NA,NA,NA
"B1022C","NONE",NA,NA,NA,NA
"A1041C","SNAG",60,20,"D2",NA
"A1041C","PSME",60,25,"L",NA
"A1041C","SNAG",15,6,"D2",NA
"A1041C","SNAG",15,7,"D2",NA
"A1041C","SNAG",75,20,"D2",NA
"A1041C","SNAG",30,10,"D4",NA
"A1041C","SNAG",45,7,"D3",NA
"A1041C","SNAG",30,5,"D4",NA
"A1041C","SNAG",15,3,"D3",NA
"A1041C","SNAG",15,3,"D3",NA
"A1041C","SNAG",15,15,"D3",NA
"A1041C","SNAG",30,7,"D3",NA
"A1041C","SNAG",30,3,"D4",NA
"A1041C","SNAG",90,25,"D2",NA
"A1041C","SNAG",15,5,"D2",NA
"A1041C","SNAG",15,5,"D2",NA
"A1041C","SNAG",15,5,"D2",NA
"A1147C","PIPJ",45,15,"L",NA
"A1147C","SNAG",15,5,"D3",NA
"A1147C","SNAG",15,3,"D3",NA
"A1147C","SNAG",15,5,"D3",NA
"A1147C","SNAG",15,5,"D3",NA
"A1147C","SNAG",15,3,"D3",NA
"A1147C","SNAG",15,3,"D3",NA
"A1147C","SNAG",15,10,"D4",NA
"A1147C","SNAG",30,20,"D3",NA
"A1147C","SNAG",30,10,"D4",NA
"A1147C","SNAG",15,6,"D3",NA
"A1147C","SNAG",60,20,"D3",NA
"A1147C","SNAG",15,10,"D2",NA
"A1147C","SNAG",45,20,"D1",NA
"A1147C","SNAG",15,4,"D0",NA
"A1147C","SNAG",90,10,"D1",NA
"A1147C","SNAG",15,3,"D2",NA
"A1147C","SNAG",15,5,"D3",NA
"A1147T","SNAG",105,30,"D1",NA
"A1147T","SNAG",15,5,"D3",NA
"A1147T","SNAG",60,6,"D4",NA
"A1147T","SNAG",30,10,"D3",NA
"A1147T","SNAG",15,5,"D3",NA
"A1041T","CADE",9,5,"D3",NA
"A1041T","FIR",20,12,"D2",NA
"A1041T","SNAG",18,13,"D3",NA
"A1041T","SNAG",55,5,"D4",NA
"A1041T","SNAG",62,4,"D4",NA
"A1041T","SNAG",48,3,"D4",NA
"A1041T","SNAG",13,7,"D3",NA
"A1041T","SNAG",27,9,"D2",NA
"A1041T","SNAG",9,5,"D3",NA
"A1041T","SNAG",18,10,"D2",NA
"A1041T","SNAG",55,10,"D4",NA
"A4247T","SNAG",45,4,"D5",NA
"A4247T","SNAG",30,4,"D4",NA
"A4247T","SNAG",30,5,"D4",NA
"A4247T","SNAG",30,5,"D4",NA
"A4247T","SNAG",30,3.5,"D5",NA
"A4247T","SNAG",30,5,"D5",NA
"A4247T","SNAG",45,3,"D5",NA
"A4247T","SNAG",15,5,"D2",NA
"A4247T","SNAG",30,4,"D4",NA
"A4248C","CADE",60,25,"D2",NA
"A4248C","SNAG",45,5,"D5",NA
"A4248C","SNAG",15,6.5,"D2",NA
"A4248C","SNAG",15,3,"D2",NA
"A4248C","CADE",15,8,"D2",NA
"A4248C","SNAG",30,5,"D5",NA
"A4248C","SNAG",15,4,"D2",NA
"A4248C","SNAG",30,4,"D5",NA
"A4248C","SNAG",30,20,"D3",NA
"A4248C","SNAG",15,9,"D3",NA
"A4248C","SNAG",45,9,"D5",NA
"A4248C","SNAG",45,12,"D5",NA
"A4248C","SNAG",30,10,"D5",NA
"A4248C","SNAG",15,9,"D5",NA
"A4248C","SNAG",45,15,"D4",NA
"A4248T","SNAG",15,6,"D2",NA
"A4248T","SNAG",15,4,"D2",NA
"A4167C","SNAG",30,3,"D5",NA
"A4167C","SNAG",15,3.5,"D4",NA
"A4167C","SNAG",90,5.5,"D5",NA
"A4167C","SNAG",90,22,"D2",NA
"A4167C","SNAG",90,24,"D2",NA
"A4167T","SNAG",30,3,"D4",NA
"A4167T","SNAG",15,4,"D4",NA
"A4167T","SNAG",15,3,"D4",NA
"A4167T","SNAG",30,5,"D4",NA
"A4167T","SNAG",30,3,"D4",NA
"A4167T","SNAG",75,9,"D5",NA
"A4167T","SNAG",45,20,"D2",NA
"A4167T","SNAG",15,10,"D3",NA
"A4167T","SNAG",15,4,"D4",NA
"A4167T","SNAG",30,5,"D4",NA
"A4167T","SNAG",15,5,"D3",NA
"A4167T","SNAG",15,4,"D3",NA
"A4167T","SNAG",15,9,"D3",NA
"A4167T","SNAG",45,20,"D2",NA
"A4012C","SNAG",45,3,"D5",NA
"A4012C","SNAG",30,3,"D4",NA
"A4012C","SNAG",15,7,"D3",NA
"A4012C","SNAG",45,20,"D3",NA
"A4012C","PIPJ",105,6,"D5",NA
"A4012C","SNAG",15,3,"D4",NA
"A4012C","CADE",90,25,"D2",NA
"A4012T","SNAG",15,15,"D2",NA
"A4012T","SNAG",30,4,"D4",NA
"A4012T","SNAG",30,8,"D4",NA
"A4012T","SNAG",100,30,"D2",NA
"A4012T","SNAG",15,10,"D2",NA
"A4012T","SNAG",30,20,"D2",NA
"A4012T","SNAG",15,5,"D4",NA
"A4012T","SNAG",30,7,"D4",NA
"A4012T","SNAG",15,4,"D4",NA
"A4012T","SNAG",15,12,"D2",NA
"A4012T","SNAG",15,13,"D2",NA
"B1002C","QUCH",31.7,18,"L",NA
"B1002C","SNAG",15,11,"D3",NA
"B1002C","QUCH",39.2,18,"L",NA
"B1002C","SNAG",15,6,"D3",NA
"B1002C","SNAG",15,7,"D3",NA
"B1002C","SNAG",15,7,"D3",NA
"B1002C","SNAG",45,9,"D5",NA
"B1002C","QUCH",22.1,9,"L",NA
"B1002C","QUCH",39.7,18,"L",NA
"B1002C","QUCH",34.4,18,"L",NA
"B1002C","QUCH",42.3,22,"L",NA
"B1002T","QUCH",15,4.5,"D3",NA
"B1002T","PIPJ",51.2,24,"L",NA
"B1002T","PIPJ",41.5,16.8,"L",NA
"B1002T","QUKE",39.2,8.7,"L",NA
"B1003C","QUCH",45,12,"D3",NA
"B1003C","QUCH",19,7.4,"L",NA
"B1003C","CADE",54.4,29,"L","Top killed"
"B1003C","CADE",45,20,"D1",NA
"B1003C","CADE",15,3.5,"D4",NA
"B1003C","CADE",105,4.5,"D4",NA
"B1003C","SNAG",15,11,"D2",NA
"B1003C","QUCH",15,6,"D3",NA
"B1003C","QUCH",30,15,"D3",NA
"B1003C","CADE",42,41,"L",NA
"B1017C","CADE",15,5,"D3",NA
"B1017C","QUCH",30,10,"D4",NA
"B1017C","CADE",45,15,"D5",NA
"B1017C","CADE",15,3,"D6",NA
"B1017T","QUKE",30,13,"D3",NA
"B1017T","QUCH",15,5,"D4",NA
"B1021C","SNAG",60,40,"D2",NA
"B1021C","QUKE",35,20,"D3",NA
"B1021C","CADE",120,45,"D2",NA
"B1021C","CADE",45,14,"D3",NA
"B1021C","CADE",75,20,"D3",NA
"B1021C","CADE",60,17,"D3",NA
"B1021C","SNAG",15,5,"D4",NA
"B1021C","CADE",69,35,"L",NA
"B1021C","SNAG",120,3.5,"D4",NA
"B1021T","SNAG",15,8,"D4",NA
"B1021T","SNAG",30,7,"D4",NA
"B1021T","SNAG",30,8,"D4",NA
"B1021T","SNAG",45,3,"D4",NA
"D1016T","SNAG",30,7,"D4",NA
"D1016T","SNAG",30,12,"D2",NA
"D1016T","SNAG",30,12,"D2",NA
"D1016T","SNAG",30,14,"D2",NA
"D1016T","SNAG",15,10,"D2",NA
"D1016T","SNAG",30,6,"D4",NA
"D1016C","NONE",NA,NA,NA,NA
"D1000T","SNAG",15,4,"D3",NA
"D1092T","QUKE",30,13,"D2",NA
"D1092C","SNAG",60,7,"D5",NA
"D1092C","SNAG",45,19,"D1",NA
"D1092C","PIPJ",50.2,21,"L",NA
"D1092C","PIPJ",42.5,19,"L",NA
"D1092C","PIPJ",57,20,"L",NA
"D1099T","QUKE",45,15,"D2",NA
"B1007T","QUCH",15,6,"D3",NA
"B1007T","QUCH",15,6,"D3",NA
"B1007T","QUCH",15,3,"D3",NA
"B1007C","NONE",NA,NA,NA,NA
"B1008C","NONE",NA,NA,NA,NA
"B1008T","QUCH",60,10,"D2",NA
"B1008T","QUKE",75,15,"D3",NA
"D1011C","SNAG",30,4,"D4",NA
"D1011C","SNAG",75,21,"D4",NA
"D1011C","SNAG",90,30,"D2",NA
"D1011C","SNAG",34,4,"D4",NA
"D1011C","SNAG",60,3,"D5",NA
"D1011C","SNAG",15,6,"D3",NA
"D1011C","SNAG",15,5,"D3",NA
"D1011C","SNAG",30,7,"D4",NA
"D1011C","SNAG",45,3,"D4",NA
"D1011C","SNAG",30,4,"D4",NA
"D1011C","SNAG",45,5,"D4",NA
"E0048I","SNAG",15,4,"D3",NA
"E0048I","SNAG",15,3,"D3",NA
"E0048I","SNAG",15,3,"D3",NA
"E0048I","SNAG",15,3,"D3",NA
"E0048I","SNAG",15,5,"D3",NA
"E0048I","SNAG",15,3,"D3",NA
"E0048I","SNAG",15,3,"D3",NA
"E0048I","SNAG",15,6,"D3",NA
"E0048I","SNAG",30,6,"D3",NA
"E0048I","SNAG",30,6,"D4",NA
"C2010C","SNAG",105,20,"D4",NA
"C2010C","SNAG",45,3.5,"D4",NA
"C2013T","SNAG",105,9,"D4",NA
"C2013T","CADE",30,7,"D2",NA
"C2013T","SNAG",15,8,"D3",NA
"C2013T","SNAG",110,11,"D5",NA
"C2012T","CADE",105,13,"D5",NA
"C2012T","SNAG",45,9,"D4",NA
"C2012T","SNAG",75,3,"D4",NA
"C2012T","SNAG",90,7.2,"D5",NA
"C2012T","CADE",45,7,"D2",NA
"C2012T","SNAG",75,8,"D5",NA
"C2012T","CADE",90,25,"D2",NA
"C2011T","SNAG",60,9,"D4",NA
"C2011T","SNAG",75,5,"D4",NA
"C2011T","SNAG",75,15,"D4",NA
"C2011T","SNAG",45,5,"D4",NA
"C2011T","SNAG",30,5,"D3",NA
"E0059I","NONE",NA,NA,NA,NA
"E0054I","NONE",NA,NA,NA,NA
"D1012T","ABMA",NA,0.4,"L",NA
"D1012T","ABMA",NA,0.8,"L",NA
"D1012T","ABMA",NA,0.9,"L",NA
"D1012T","ABMA",NA,0.9,"L",NA
"D1012T","ABMA",NA,0.7,"L",NA
"D1012T","ABMA",5.5,2.5,"L",NA
"D1012T","ABMA",8.7,3,"L",NA
"D1012T","ABMA",7.9,3,"L",NA
"D1012T","ABMA",4.5,2.3,"L",NA
"D1012T","ABMA",4.5,3,"L",NA
"D1012T","ABMA",6.7,3.5,"L",NA
"D1012T","ABMA",4.6,3,"L",NA
"D1012T","ABMA",NA,0.4,"L",NA
"D1012T","ABMA",NA,0.5,"L",NA
"D1012T","ABMA",NA,0.75,"L",NA
"D1012T","ABMA",6.6,3,"L",NA
"D1012T","ABMA",2.1,1.6,"L",NA
"D1012T","ABMA",11,4,"L",NA
"D1012T","ABMA",NA,1.1,"L",NA
"D1012T","ABMA",NA,1.2,"L",NA
"D1012T","ABMA",NA,1.2,"L",NA
"D1012T","ABMA",11.1,3.9,"L",NA
"D1012T","ABMA",7.5,3,"L",NA
"D1012T","ABMA",NA,1.1,"L",NA
"D1012T","ABMA",9.9,4.2,"L",NA
"D1012T","ABMA",0.6,1.5,"L",NA
"D1012T","ABMA",1.5,2,"L",NA
"D1012T","ABMA",5.1,2.9,"L",NA
"D1012T","ABMA",5.8,3,"L",NA
"D1012T","ABMA",NA,0.9,"L",NA
"D1012T","ABMA",NA,0.9,"L",NA
"D1012T","ABMA",1.6,1.6,"L",NA
"D1012T","ABMA",NA,1.1,"L",NA
"D1012T","ABMA",NA,0.5,"L",NA
"D1012T","ABMA",1.5,1.6,"L",NA
"D1012T","ABMA",2.9,2.1,"L",NA
"D1012T","ABMA",2.5,2,"L",NA
"D1012T","ABMA",1.8,2,"L",NA
"D1012T","ABMA",NA,0.6,"L",NA
"D1012T","ABMA",4.4,2.6,"L",NA
"D1012T","ABMA",NA,0.9,"L",NA
"D1012T","ABMA",NA,1,"L",NA
"D1012T","ABMA",NA,0.3,"L",NA
"D1012T","ABMA",NA,1.3,"L",NA
"D1012T","ABMA",NA,1.3,"L",NA
"D1012T","ABMA",1.6,1.5,"L",NA
"D1012T","ABMA",NA,0.6,"L",NA
"D1012T","ABMA",NA,0.7,"L",NA
"D1012T","ABMA",NA,0.5,"L",NA
"D1012T","ABMA",NA,0.5,"L",NA
"D1012T","ABMA",0.5,1.4,"L",NA
"D1012T","ABMA",0.7,1.5,"L",NA
"D1012T","ABMA",2.4,1.9,"L",NA
"D1012T","ABMA",4.9,2.8,"L",NA
"D1012T","ABMA",2.5,2,"L",NA
"D1012T","ABMA",8,3.8,"L",NA
"D1012T","ABMA",2.5,1.8,"L",NA
"D1012T","ABMA",3.6,2.1,"L",NA
"D1012T","ABMA",6.4,3,"L",NA
"D1012T","ABMA",1.1,1.6,"L",NA
"D1012T","ABMA",8.7,4.1,"L",NA
"D1012T","ABMA",2.6,2,"L",NA
"D1012T","ABMA",4.8,3,"L",NA
"D1012T","ABMA",4.5,2.5,"L",NA
"D1012T","ABMA",4.6,2.2,"L",NA
"D1012T","ABMA",5.9,2.7,"L",NA
"D1012T","ABMA",2.2,2.1,"L",NA
"D1012T","ABMA",1.3,1.7,"L",NA
"D1012T","ABMA",2.9,2,"L",NA
"D1012T","ABMA",3.9,2,"L",NA
"D1012T","ABMA",5.9,3,"L",NA
"D1012T","ABMA",1,1.5,"L",NA
"D1012T","ABMA",4.4,2,"L",NA
"D1012T","ABMA",4.4,2,"L",NA
"D1012T","ABMA",4.4,2,"L",NA
"D1012T","ABMA",7.1,3.9,"L",NA
"D1012T","ABMA",1,1.5,"L",NA
"D1012T","ABMA",NA,1,"L",NA
"D1012T","ABMA",3.3,2,"L",NA
"D1012T","ABMA",2.2,2,"L",NA
"D1012T","ABMA",3.4,2,"L",NA
"D1012T","ABMA",3.2,2,"L",NA
"D1012T","ABMA",0.9,1.5,"L",NA
"D1012T","ABMA",1.2,1.7,"L",NA
"D1012T","ABMA",4.5,2.7,"L",NA
"D1012T","ABMA",1.7,1.8,"L",NA
"D1012T","ABMA",NA,0.8,"L",NA
"D1012T","ABMA",NA,0.9,"L",NA
"D1012T","ABMA",NA,1,"L",NA
"D1012T","ABMA",6.2,3.3,"L",NA
"D1012T","ABMA",NA,1.3,"L",NA
"D1012T","ABMA",4.4,1.8,"L",NA
"D1012T","ABMA",5.5,3.1,"L",NA
"D1012T","ABMA",NA,1.1,"L",NA
"D1012T","ABMA",NA,1.3,"L",NA
"D1012T","ABMA",NA,0.4,"L",NA
"D1012T","ABMA",3.3,2.1,"L",NA
"D1012T","ABMA",NA,1.3,"L",NA
"D1012T","ABMA",3.9,2.1,"L",NA
"D1012T","ABMA",1.1,1.8,"L",NA
"D1012T","ABMA",2,1.7,"L",NA
"D1012T","ABMA",NA,0.6,"L",NA
"D1012T","ABMA",NA,1.3,"L",NA
"D1012T","ABMA",5.2,2.5,"L",NA
"D1012T","ABMA",3,2.6,"L",NA
"D1012T","ABMA",1.6,2,"L",NA
"D1012T","ABMA",4.5,2.2,"L",NA
"D1012T","ABMA",3.5,2,"L",NA
"D1012T","ABMA",6.8,2.8,"L",NA
"D1012T","ABMA",2.9,1.9,"L",NA
"D1012T","ABMA",NA,0.4,"L",NA
"D1012T","ABMA",NA,1,"L",NA
"D1012T","ABMA",3.1,2.3,"L",NA
"D1012T","ABMA",NA,0.7,"L",NA
"D1012T","ABMA",0.3,1.4,"L",NA
"D1012T","ABMA",0.3,1.4,"L",NA
"D1012T","ABMA",NA,1.1,"L",NA
"D1012T","ABMA",NA,1.2,"L",NA
"D1012T","SNAG",30,13,"D3",NA
"D1012T","SNAG",75,10,"D4",NA
"D1012T","SNAG",60,6,"D4",NA
"D1012T","SNAG",30,5,"D5",NA
"D1012T","SNAG",60,20,"D3",NA
"D1012T","SNAG",75,10,"D4",NA
"D1012T","SNAG",75,26,"D3",NA
"D1012C","SNAG",1.5,3.5,"D5",NA
"D1012C","SNAG",45,5,"D3",NA
"D1099C","QUKE",15,9,"D3",NA
"D1099C","QUKE",15,4,"D3",NA
"D1099C","QUKE",15,6,"D3",NA
"D1099C","QUKE",15,3,"D3",NA
"D1099C","QUKE",15,5,"D3",NA
"D1099C","QUKE",15,4,"D3",NA
"D1099C","QUKE",15,5,"D3",NA
"D1007T","SNAG",45,3,"D4",NA
"D1007C","NONE",NA,NA,NA,NA
"D1097T","QUKE",30,14,"D2",NA
"D1097T","QUKE",30,13,"D2",NA
"D1097T","SNAG",17,15,"D2",NA
"D1097T","QUKE",30,15,"D2",NA
"D1097T","SNAG",15,3,"D2",NA
"D1097T","QUKE",30,14,"D2",NA
"D1097T","QUKE",15,11,"D2",NA
"D1097T","QUKE",30,14,"D2",NA
"D1097T","SNAG",30,15,"D2",NA
"D1097T","QUKE",30,15,"D2",NA
"D1009C","SNAG",45,7,"D3",NA
"D1009C","SNAG",30,12,"D3",NA
"D1009C","QUKE",45,4,"D4",NA
"D1009C","QUKE",60,3,"D5",NA
"D1008C","SNAG",60,15,"D2",NA
"D1008C","SNAG",15,7,"D2",NA
"D1008C","SNAG",60,4,"D5",NA
"D1008C","SNAG",60,4,"D5",NA
"D1008C","SNAG",45,4,"D5",NA
"D1008C","SNAG",30,8,"D4",NA
"D1011T","NONE",NA,NA,NA,NA
"D1100T","QUKE",30,6,"D3",NA
"D1100T","QUKE",30,10,"D2",NA
"D1100T","QUKE",30,10,"D2",NA
"D1100T","QUKE",30,8,"D3",NA
"D1100T","SNAG",60,3,"D4",NA
"D1100T","SNAG",60,3,"D4",NA
"D1100T","SNAG",15,6,"D3",NA
"D1100T","SNAG",15,6,"D3",NA
"D1100T","SNAG",15,10,"D3",NA
"D1100T","SNAG",60,16,"D4",NA
"E0047I","SNAG",15,4,"D4",NA
"E0047I","SNAG",15,9,"D4",NA
"E0047I","SNAG",15,4,"D3",NA
"E0047I","SNAG",15,5,"D4",NA
"E0047I","SNAG",90,19,"D3",NA
"E0047I","SNAG",45,15,"D4",NA
"E0041I","CADE",60,15,"D2",NA
"E0040I","SNAG",15,3,"D3",NA
"E0040I","SNAG",15,3,"D3",NA
"C2014T","SNAG",60,4,"D4",NA
"C2014T","SNAG",45,10,"D3",NA
"C2014C","SNAG",105,8,"D4",NA
"C2014C","SNAG",30,4,"D4",NA
"C2014C","SNAG",60,15,"D4",NA
"C2014C","SNAG",45,16,"D3",NA
"C2014C","SNAG",75,20,"D4",NA
"C2014C","SNAG",15,5,"D3",NA
"C2014C","SNAG",30,15,"D3",NA
"C2014C","SNAG",45,6,"D4",NA
"C2014C","SNAG",60,12,"D4",NA
"C2014C","SNAG",60,12,"D4",NA
"C2014C","SNAG",30,6,"D4",NA
"C2014C","SNAG",30,4,"D4",NA
"C2014C","SNAG",30,12,"D3",NA
"C2015T","NONE",NA,NA,NA,NA
"C2015C","SNAG",30,3,"D4",NA
"C2015C","SNAG",15,8,"D3",NA
"C2011C","NONE",NA,NA,NA,NA
"C2012C","SNAG",30,4,"D4",NA
"C2012C","SNAG",30,12,"D3",NA
"C2012C","SNAG",15,12,"D3",NA
"C2012C","PINE",120,40,"D3",NA
"C2012C","SNAG",15,10,"D3",NA
"C2013C","CADE",45,17,"D3",NA
"C2013C","CADE",30,9,"D2",NA
"C2013C","SNAG",45,3,"D4",NA
"C2010T","SNAG",30,4,"D4",NA
"C2010T","SNAG",45,3,"D4",NA
"C2010T","SNAG",30,12,"D3",NA
"C2010T","SNAG",30,5,"D3",NA
"C2010T","SNAG",15,8,"D3",NA
"C2010T","SNAG",15,11,"D4",NA
"C2010T","SNAG",45,9,"D4",NA
"C2010T","SNAG",60,23,"D2",NA
"C2010T","SNAG",30,12,"D3",NA
"C2010T","SNAG",30,17,"D2",NA
"C2010T","SNAG",15,9,"D3",NA
"C2010T","SNAG",15,14,"D2",NA
"C2010T","SNAG",45,7,"D4",NA
"C2010T","SNAG",60,3,"D4",NA
"C2010T","SNAG",45,4,"D4",NA
"C2010T","SNAG",30,6,"D3",NA
"C2010T","SNAG",60,3.5,"D4",NA
"C2010T","SNAG",60,20,"D2",NA
"C1040C","SNAG",75,14,"D4",NA
"C1040C","SNAG",60,3,"D4",NA
"C1040C","SNAG",10,4,"D4",NA
"C1040C","SNAG",30,3,"D4",NA
"C1040C","SNAG",75,20,"D4",NA
"C1040C","SNAG",75,4,"D5",NA
"C1040C","SNAG",30,6,"D4",NA
"E0038I","NONE",NA,NA,NA,NA
"E0032I","NONE",NA,NA,NA,NA
